---------------------------------------------------------------------------------------------------
Date: 9/12/2026 -- 17:35:23 (uptime: 0d, 00h 00m 08s)
---------------------------------------------------------------------------------------------------
Counter                                                      | TM Name                   | Value
---------------------------------------------------------------------------------------------------
capture.kernel_packets                                       | Total                     | 6
capture.afpacket.polls                                       | Total                     | 659
capture.afpacket.poll_timeout                                | Total                     | 653
capture.afpacket.poll_data                                   | Total                     | 6
decoder.pkts                                                 | Total                     | 6
decoder.bytes                                                | Total                     | 755
decoder.ipv6                                                 | Total                     | 6
decoder.ethernet                                             | Total                     | 6
decoder.tcp                                                  | Total                     | 6
decoder.avg_pkt_size                                         | Total                     | 125
decoder.max_pkt_size                                         | Total                     | 167
flow.total                                                   | Total                     | 1
flow.active                                                  | Total                     | 1
flow.tcp                                                     | Total                     | 1
flow.wrk.spare_sync_avg                                      | Total                     | 100
flow.wrk.spare_sync                                          | Total                     | 1
flow.mgr.rows_per_sec                                        | Total                     | 7208
flow.spare                                                   | Total                     | 9900
flow.mgr.rows_maxlen                                         | Total                     | 1
flow.mgr.flows_checked                                       | Total                     | 1
flow.mgr.flows_notimeout                                     | Total                     | 1
memcap.pressure                                              | Total                     | 11
memcap.pressure_max                                          | Total                     | 11
defrag.memuse                                                | Total                     | 33554432
tcp.memuse                                                   | Total                     | 7471104
tcp.reassembly_memuse                                        | Total                     | 1376256
http.byterange.memuse                                        | Total                     | 168384
http.byterange.memcap                                        | Total                     | 104857600
ippair.memuse                                                | Total                     | 398144
ippair.memcap                                                | Total                     | 16777216
host.memuse                                                  | Total                     | 382144
host.memcap                                                  | Total                     | 33554432
flow.memuse                                                  | Total                     | 7234304
---------------------------------------------------------------------------------------------------
Date: 9/12/2026 -- 17:35:31 (uptime: 0d, 00h 00m 16s)
---------------------------------------------------------------------------------------------------
Counter                                                      | TM Name                   | Value
---------------------------------------------------------------------------------------------------
capture.kernel_packets                                       | Total                     | 27
capture.afpacket.polls                                       | Total                     | 1747
capture.afpacket.poll_timeout                                | Total                     | 1725
capture.afpacket.poll_data                                   | Total                     | 22
decoder.pkts                                                 | Total                     | 27
decoder.bytes                                                | Total                     | 4056
decoder.ipv4                                                 | Total                     | 3
decoder.ipv6                                                 | Total                     | 24
decoder.ethernet                                             | Total                     | 27
decoder.tcp                                                  | Total                     | 27
decoder.avg_pkt_size                                         | Total                     | 150
decoder.max_pkt_size                                         | Total                     | 373
flow.total                                                   | Total                     | 2
flow.active                                                  | Total                     | 2
flow.tcp                                                     | Total                     | 2
flow.wrk.spare_sync_avg                                      | Total                     | 100
flow.wrk.spare_sync                                          | Total                     | 2
flow.mgr.full_hash_pass                                      | Total                     | 1
flow.mgr.rows_per_sec                                        | Total                     | 7208
flow.spare                                                   | Total                     | 9800
flow.mgr.rows_maxlen                                         | Total                     | 1
flow.mgr.flows_checked                                       | Total                     | 1
flow.mgr.flows_notimeout                                     | Total                     | 1
memcap.pressure                                              | Total                     | 11
memcap.pressure_max                                          | Total                     | 11
defrag.memuse                                                | Total                     | 33554432
tcp.memuse                                                   | Total                     | 7471104
tcp.reassembly_memuse                                        | Total                     | 1376256
http.byterange.memuse                                        | Total                     | 168384
http.byterange.memcap                                        | Total                     | 104857600
ippair.memuse                                                | Total                     | 398144
ippair.memcap                                                | Total                     | 16777216
host.memuse                                                  | Total                     | 382144
host.memcap                                                  | Total                     | 33554432
flow.memuse                                                  | Total                     | 7234304
---------------------------------------------------------------------------------------------------
Date: 9/12/2026 -- 17:35:39 (uptime: 0d, 00h 00m 24s)
---------------------------------------------------------------------------------------------------
Counter                                                      | TM Name                   | Value
---------------------------------------------------------------------------------------------------
capture.kernel_packets                                       | Total                     | 35
capture.afpacket.polls                                       | Total                     | 2469
capture.afpacket.poll_timeout                                | Total                     | 2443
capture.afpacket.poll_data                                   | Total                     | 26
decoder.pkts                                                 | Total                     | 35
decoder.bytes                                                | Total                     | 4834
decoder.ipv4                                                 | Total                     | 3
decoder.ipv6                                                 | Total                     | 32
decoder.ethernet                                             | Total                     | 35
decoder.tcp                                                  | Total                     | 35
tcp.rst                                                      | Total                     | 3
decoder.avg_pkt_size                                         | Total                     | 138
decoder.max_pkt_size                                         | Total                     | 373
flow.total                                                   | Total                     | 3
flow.active                                                  | Total                     | 3
flow.tcp                                                     | Total                     | 3
flow.wrk.spare_sync_avg                                      | Total                     | 100
flow.wrk.spare_sync                                          | Total                     | 2
flow.mgr.full_hash_pass                                      | Total                     | 2
flow.mgr.rows_per_sec                                        | Total                     | 7208
flow.spare                                                   | Total                     | 9800
flow.mgr.rows_maxlen                                         | Total                     | 1
flow.mgr.flows_checked                                       | Total                     | 2
flow.mgr.flows_notimeout                                     | Total                     | 2
memcap.pressure                                              | Total                     | 11
memcap.pressure_max                                          | Total                     | 11
defrag.memuse                                                | Total                     | 33554432
tcp.memuse                                                   | Total                     | 7471104
tcp.reassembly_memuse                                        | Total                     | 1376256
http.byterange.memuse                                        | Total                     | 168384
http.byterange.memcap                                        | Total                     | 104857600
ippair.memuse                                                | Total                     | 398144
ippair.memcap                                                | Total                     | 16777216
host.memuse                                                  | Total                     | 382144
host.memcap                                                  | Total                     | 33554432
flow.memuse                                                  | Total                     | 7234304
---------------------------------------------------------------------------------------------------
Date: 9/12/2026 -- 17:35:47 (uptime: 0d, 00h 00m 32s)
---------------------------------------------------------------------------------------------------
Counter                                                      | TM Name                   | Value
---------------------------------------------------------------------------------------------------
capture.kernel_packets                                       | Total                     | 40
capture.afpacket.polls                                       | Total                     | 3549
capture.afpacket.poll_timeout                                | Total                     | 3520
capture.afpacket.poll_data                                   | Total                     | 29
decoder.pkts                                                 | Total                     | 40
decoder.bytes                                                | Total                     | 5571
decoder.ipv4                                                 | Total                     | 3
decoder.ipv6                                                 | Total                     | 37
decoder.ethernet                                             | Total                     | 40
decoder.tcp                                                  | Total                     | 38
tcp.rst                                                      | Total                     | 3
decoder.icmpv6                                               | Total                     | 2
decoder.avg_pkt_size                                         | Total                     | 139
decoder.max_pkt_size                                         | Total                     | 373
flow.total                                                   | Total                     | 4
flow.active                                                  | Total                     | 4
flow.tcp                                                     | Total                     | 3
flow.icmpv6                                                  | Total                     | 1
flow.wrk.spare_sync_avg                                      | Total                     | 100
flow.wrk.spare_sync                                          | Total                     | 3
detect.alert                                                 | Total                     | 2
flow.mgr.full_hash_pass                                      | Total                     | 3
flow.mgr.rows_per_sec                                        | Total                     | 7208
flow.spare                                                   | Total                     | 9700
flow.mgr.rows_maxlen                                         | Total                     | 1
flow.mgr.flows_checked                                       | Total                     | 3
flow.mgr.flows_notimeout                                     | Total                     | 3
memcap.pressure                                              | Total                     | 11
memcap.pressure_max                                          | Total                     | 11
defrag.memuse                                                | Total                     | 33554432
tcp.memuse                                                   | Total                     | 7471104
tcp.reassembly_memuse                                        | Total                     | 1376256
http.byterange.memuse                                        | Total                     | 168384
http.byterange.memcap                                        | Total                     | 104857600
ippair.memuse                                                | Total                     | 398144
ippair.memcap                                                | Total                     | 16777216
host.memuse                                                  | Total                     | 382144
host.memcap                                                  | Total                     | 33554432
flow.memuse                                                  | Total                     | 7234304
---------------------------------------------------------------------------------------------------
Date: 9/12/2026 -- 17:35:55 (uptime: 0d, 00h 00m 40s)
---------------------------------------------------------------------------------------------------
Counter                                                      | TM Name                   | Value
---------------------------------------------------------------------------------------------------
capture.kernel_packets                                       | Total                     | 54
capture.afpacket.polls                                       | Total                     | 4634
capture.afpacket.poll_timeout                                | Total                     | 4594
capture.afpacket.poll_data                                   | Total                     | 40
decoder.pkts                                                 | Total                     | 54
decoder.bytes                                                | Total                     | 7139
decoder.ipv4                                                 | Total                     | 3
decoder.ipv6                                                 | Total                     | 51
decoder.ethernet                                             | Total                     | 54
decoder.tcp                                                  | Total                     | 50
tcp.rst                                                      | Total                     | 3
decoder.udp                                                  | Total                     | 2
decoder.icmpv6                                               | Total                     | 2
decoder.avg_pkt_size                                         | Total                     | 132
decoder.max_pkt_size                                         | Total                     | 373
flow.total                                                   | Total                     | 7
flow.active                                                  | Total                     | 7
flow.tcp                                                     | Total                     | 5
flow.udp                                                     | Total                     | 1
flow.icmpv6                                                  | Total                     | 1
flow.wrk.spare_sync_avg                                      | Total                     | 100
flow.wrk.spare_sync                                          | Total                     | 6
detect.alert                                                 | Total                     | 2
app_layer.flow.ntp                                           | Total                     | 1
app_layer.tx.ntp                                             | Total                     | 2
flow.mgr.full_hash_pass                                      | Total                     | 4
flow.mgr.rows_per_sec                                        | Total                     | 7208
flow.spare                                                   | Total                     | 9400
flow.mgr.rows_maxlen                                         | Total                     | 1
flow.mgr.flows_checked                                       | Total                     | 5
flow.mgr.flows_notimeout                                     | Total                     | 5
memcap.pressure                                              | Total                     | 11
memcap.pressure_max                                          | Total                     | 11
defrag.memuse                                                | Total                     | 33554432
tcp.memuse                                                   | Total                     | 7471104
tcp.reassembly_memuse                                        | Total                     | 1376256
http.byterange.memuse                                        | Total                     | 168384
http.byterange.memcap                                        | Total                     | 104857600
ippair.memuse                                                | Total                     | 398144
ippair.memcap                                                | Total                     | 16777216
host.memuse                                                  | Total                     | 382144
host.memcap                                                  | Total                     | 33554432
flow.memuse                                                  | Total                     | 7234304
---------------------------------------------------------------------------------------------------
Date: 9/12/2026 -- 17:36:03 (uptime: 0d, 00h 00m 48s)
---------------------------------------------------------------------------------------------------
Counter                                                      | TM Name                   | Value
---------------------------------------------------------------------------------------------------
capture.kernel_packets                                       | Total                     | 76
capture.afpacket.polls                                       | Total                     | 5357
capture.afpacket.poll_timeout                                | Total                     | 5305
capture.afpacket.poll_data                                   | Total                     | 52
decoder.pkts                                                 | Total                     | 76
decoder.bytes                                                | Total                     | 12387
decoder.ipv4                                                 | Total                     | 15
decoder.ipv6                                                 | Total                     | 61
decoder.ethernet                                             | Total                     | 76
decoder.tcp                                                  | Total                     | 60
tcp.rst                                                      | Total                     | 3
decoder.udp                                                  | Total                     | 6
decoder.icmpv4                                               | Total                     | 8
decoder.icmpv6                                               | Total                     | 2
decoder.avg_pkt_size                                         | Total                     | 162
decoder.max_pkt_size                                         | Total                     | 1149
flow.total                                                   | Total                     | 9
flow.active                                                  | Total                     | 9
flow.tcp                                                     | Total                     | 5
flow.udp                                                     | Total                     | 2
flow.icmpv4                                                  | Total                     | 1
flow.icmpv6                                                  | Total                     | 1
flow.wrk.spare_sync_avg                                      | Total                     | 100
flow.wrk.spare_sync                                          | Total                     | 6
detect.alert                                                 | Total                     | 4
app_layer.flow.ntp                                           | Total                     | 1
app_layer.flow.dns_udp                                       | Total                     | 1
app_layer.tx.dns_udp                                         | Total                     | 4
app_layer.tx.ntp                                             | Total                     | 2
flow.mgr.full_hash_pass                                      | Total                     | 5
flow.mgr.rows_per_sec                                        | Total                     | 7208
flow.spare                                                   | Total                     | 9400
flow.mgr.rows_maxlen                                         | Total                     | 1
flow.mgr.flows_checked                                       | Total                     | 7
flow.mgr.flows_notimeout                                     | Total                     | 7
memcap.pressure                                              | Total                     | 11
memcap.pressure_max                                          | Total                     | 11
defrag.memuse                                                | Total                     | 33554432
tcp.memuse                                                   | Total                     | 7471104
tcp.reassembly_memuse                                        | Total                     | 1376256
http.byterange.memuse                                        | Total                     | 168384
http.byterange.memcap                                        | Total                     | 104857600
ippair.memuse                                                | Total                     | 398144
ippair.memcap                                                | Total                     | 16777216
host.memuse                                                  | Total                     | 382144
host.memcap                                                  | Total                     | 33554432
flow.memuse                                                  | Total                     | 7234304
---------------------------------------------------------------------------------------------------
Date: 9/12/2026 -- 17:36:11 (uptime: 0d, 00h 00m 56s)
---------------------------------------------------------------------------------------------------
Counter                                                      | TM Name                   | Value
---------------------------------------------------------------------------------------------------
capture.kernel_packets                                       | Total                     | 78
capture.afpacket.polls                                       | Total                     | 6437
capture.afpacket.poll_timeout                                | Total                     | 6384
capture.afpacket.poll_data                                   | Total                     | 53
decoder.pkts                                                 | Total                     | 78
decoder.bytes                                                | Total                     | 12471
decoder.ipv4                                                 | Total                     | 15
decoder.ipv6                                                 | Total                     | 61
decoder.ethernet                                             | Total                     | 78
decoder.arp                                                  | Total                     | 2
decoder.tcp                                                  | Total                     | 60
tcp.rst                                                      | Total                     | 3
decoder.udp                                                  | Total                     | 6
decoder.icmpv4                                               | Total                     | 8
decoder.icmpv6                                               | Total                     | 2
decoder.avg_pkt_size                                         | Total                     | 159
decoder.max_pkt_size                                         | Total                     | 1149
flow.total                                                   | Total                     | 9
flow.active                                                  | Total                     | 9
flow.tcp                                                     | Total                     | 5
flow.udp                                                     | Total                     | 2
flow.icmpv4                                                  | Total                     | 1
flow.icmpv6                                                  | Total                     | 1
flow.wrk.spare_sync_avg                                      | Total                     | 100
flow.wrk.spare_sync                                          | Total                     | 6
detect.alert                                                 | Total                     | 4
app_layer.flow.ntp                                           | Total                     | 1
app_layer.flow.dns_udp                                       | Total                     | 1
app_layer.tx.dns_udp                                         | Total                     | 4
app_layer.tx.ntp                                             | Total                     | 2
flow.mgr.full_hash_pass                                      | Total                     | 6
flow.mgr.rows_per_sec                                        | Total                     | 7208
flow.spare                                                   | Total                     | 9400
flow.mgr.rows_maxlen                                         | Total                     | 1
flow.mgr.flows_checked                                       | Total                     | 9
flow.mgr.flows_notimeout                                     | Total                     | 9
memcap.pressure                                              | Total                     | 11
memcap.pressure_max                                          | Total                     | 11
defrag.memuse                                                | Total                     | 33554432
tcp.memuse                                                   | Total                     | 7471104
tcp.reassembly_memuse                                        | Total                     | 1376256
http.byterange.memuse                                        | Total                     | 168384
http.byterange.memcap                                        | Total                     | 104857600
ippair.memuse                                                | Total                     | 398144
ippair.memcap                                                | Total                     | 16777216
host.memuse                                                  | Total                     | 382144
host.memcap                                                  | Total                     | 33554432
flow.memuse                                                  | Total                     | 7234304
---------------------------------------------------------------------------------------------------
Date: 9/12/2026 -- 17:36:19 (uptime: 0d, 00h 01m 04s)
---------------------------------------------------------------------------------------------------
Counter                                                      | TM Name                   | Value
---------------------------------------------------------------------------------------------------
capture.kernel_packets                                       | Total                     | 85
capture.afpacket.polls                                       | Total                     | 7517
capture.afpacket.poll_timeout                                | Total                     | 7459
capture.afpacket.poll_data                                   | Total                     | 58
decoder.pkts                                                 | Total                     | 85
decoder.bytes                                                | Total                     | 13754
decoder.ipv4                                                 | Total                     | 15
decoder.ipv6                                                 | Total                     | 68
decoder.ethernet                                             | Total                     | 85
decoder.arp                                                  | Total                     | 2
decoder.tcp                                                  | Total                     | 67
tcp.rst                                                      | Total                     | 3
decoder.udp                                                  | Total                     | 6
decoder.icmpv4                                               | Total                     | 8
decoder.icmpv6                                               | Total                     | 2
decoder.avg_pkt_size                                         | Total                     | 161
decoder.max_pkt_size                                         | Total                     | 1149
flow.total                                                   | Total                     | 9
flow.active                                                  | Total                     | 9
flow.tcp                                                     | Total                     | 5
flow.udp                                                     | Total                     | 2
flow.icmpv4                                                  | Total                     | 1
flow.icmpv6                                                  | Total                     | 1
flow.wrk.spare_sync_avg                                      | Total                     | 100
flow.wrk.spare_sync                                          | Total                     | 6
detect.alert                                                 | Total                     | 4
app_layer.flow.ntp                                           | Total                     | 1
app_layer.flow.dns_udp                                       | Total                     | 1
app_layer.tx.dns_udp                                         | Total                     | 4
app_layer.tx.ntp                                             | Total                     | 2
flow.mgr.full_hash_pass                                      | Total                     | 7
flow.mgr.rows_per_sec                                        | Total                     | 7208
flow.spare                                                   | Total                     | 9400
flow.mgr.rows_maxlen                                         | Total                     | 1
flow.mgr.flows_checked                                       | Total                     | 9
flow.mgr.flows_notimeout                                     | Total                     | 9
memcap.pressure                                              | Total                     | 11
memcap.pressure_max                                          | Total                     | 11
defrag.memuse                                                | Total                     | 33554432
tcp.memuse                                                   | Total                     | 7471104
tcp.reassembly_memuse                                        | Total                     | 1376256
http.byterange.memuse                                        | Total                     | 168384
http.byterange.memcap                                        | Total                     | 104857600
ippair.memuse                                                | Total                     | 398144
ippair.memcap                                                | Total                     | 16777216
host.memuse                                                  | Total                     | 382144
host.memcap                                                  | Total                     | 33554432
flow.memuse                                                  | Total                     | 7234304
---------------------------------------------------------------------------------------------------
Date: 9/12/2026 -- 17:36:27 (uptime: 0d, 00h 01m 12s)
---------------------------------------------------------------------------------------------------
Counter                                                      | TM Name                   | Value
---------------------------------------------------------------------------------------------------
capture.kernel_packets                                       | Total                     | 89
capture.afpacket.polls                                       | Total                     | 8326
capture.afpacket.poll_timeout                                | Total                     | 8265
capture.afpacket.poll_data                                   | Total                     | 61
decoder.pkts                                                 | Total                     | 89
decoder.bytes                                                | Total                     | 14269
decoder.ipv4                                                 | Total                     | 15
decoder.ipv6                                                 | Total                     | 72
decoder.ethernet                                             | Total                     | 89
decoder.arp                                                  | Total                     | 2
decoder.tcp                                                  | Total                     | 71
tcp.rst                                                      | Total                     | 3
decoder.udp                                                  | Total                     | 6
decoder.icmpv4                                               | Total                     | 8
decoder.icmpv6                                               | Total                     | 2
decoder.avg_pkt_size                                         | Total                     | 160
decoder.max_pkt_size                                         | Total                     | 1149
flow.total                                                   | Total                     | 9
flow.active                                                  | Total                     | 9
flow.tcp                                                     | Total                     | 5
flow.udp                                                     | Total                     | 2
flow.icmpv4                                                  | Total                     | 1
flow.icmpv6                                                  | Total                     | 1
flow.wrk.spare_sync_avg                                      | Total                     | 100
flow.wrk.spare_sync                                          | Total                     | 6
detect.alert                                                 | Total                     | 4
app_layer.flow.ntp                                           | Total                     | 1
app_layer.flow.dns_udp                                       | Total                     | 1
app_layer.tx.dns_udp                                         | Total                     | 4
app_layer.tx.ntp                                             | Total                     | 2
flow.mgr.full_hash_pass                                      | Total                     | 7
flow.mgr.rows_per_sec                                        | Total                     | 7208
flow.spare                                                   | Total                     | 9400
flow.mgr.rows_maxlen                                         | Total                     | 1
flow.mgr.flows_checked                                       | Total                     | 10
flow.mgr.flows_notimeout                                     | Total                     | 10
memcap.pressure                                              | Total                     | 11
memcap.pressure_max                                          | Total                     | 11
defrag.memuse                                                | Total                     | 33554432
tcp.memuse                                                   | Total                     | 7471104
tcp.reassembly_memuse                                        | Total                     | 1376256
http.byterange.memuse                                        | Total                     | 168384
http.byterange.memcap                                        | Total                     | 104857600
ippair.memuse                                                | Total                     | 398144
ippair.memcap                                                | Total                     | 16777216
host.memuse                                                  | Total                     | 382144
host.memcap                                                  | Total                     | 33554432
flow.memuse                                                  | Total                     | 7234304
---------------------------------------------------------------------------------------------------
Date: 9/12/2026 -- 17:36:35 (uptime: 0d, 00h 01m 20s)
---------------------------------------------------------------------------------------------------
Counter                                                      | TM Name                   | Value
---------------------------------------------------------------------------------------------------
capture.kernel_packets                                       | Total                     | 102
capture.afpacket.polls                                       | Total                     | 9320
capture.afpacket.poll_timeout                                | Total                     | 9251
capture.afpacket.poll_data                                   | Total                     | 69
decoder.pkts                                                 | Total                     | 102
decoder.bytes                                                | Total                     | 15768
decoder.ipv4                                                 | Total                     | 18
decoder.ipv6                                                 | Total                     | 80
decoder.ethernet                                             | Total                     | 102
decoder.arp                                                  | Total                     | 4
decoder.tcp                                                  | Total                     | 82
tcp.rst                                                      | Total                     | 3
decoder.udp                                                  | Total                     | 6
decoder.icmpv4                                               | Total                     | 8
decoder.icmpv6                                               | Total                     | 2
decoder.avg_pkt_size                                         | Total                     | 154
decoder.max_pkt_size                                         | Total                     | 1149
flow.total                                                   | Total                     | 9
flow.active                                                  | Total                     | 9
flow.tcp                                                     | Total                     | 5
flow.udp                                                     | Total                     | 2
flow.icmpv4                                                  | Total                     | 1
flow.icmpv6                                                  | Total                     | 1
flow.wrk.spare_sync_avg                                      | Total                     | 100
flow.wrk.spare_sync                                          | Total                     | 6
detect.alert                                                 | Total                     | 4
app_layer.flow.ntp                                           | Total                     | 1
app_layer.flow.dns_udp                                       | Total                     | 1
app_layer.tx.dns_udp                                         | Total                     | 4
app_layer.tx.ntp                                             | Total                     | 2
flow.mgr.full_hash_pass                                      | Total                     | 8
flow.mgr.rows_per_sec                                        | Total                     | 7208
flow.spare                                                   | Total                     | 9400
flow.mgr.rows_maxlen                                         | Total                     | 1
flow.mgr.flows_checked                                       | Total                     | 11
flow.mgr.flows_notimeout                                     | Total                     | 11
memcap.pressure                                              | Total                     | 11
memcap.pressure_max                                          | Total                     | 11
defrag.memuse                                                | Total                     | 33554432
tcp.memuse                                                   | Total                     | 7471104
tcp.reassembly_memuse                                        | Total                     | 1376256
http.byterange.memuse                                        | Total                     | 168384
http.byterange.memcap                                        | Total                     | 104857600
ippair.memuse                                                | Total                     | 398144
ippair.memcap                                                | Total                     | 16777216
host.memuse                                                  | Total                     | 382144
host.memcap                                                  | Total                     | 33554432
flow.memuse                                                  | Total                     | 7234304
---------------------------------------------------------------------------------------------------
Date: 9/12/2026 -- 17:36:43 (uptime: 0d, 00h 01m 28s)
---------------------------------------------------------------------------------------------------
Counter                                                      | TM Name                   | Value
---------------------------------------------------------------------------------------------------
capture.kernel_packets                                       | Total                     | 106
capture.afpacket.polls                                       | Total                     | 10402
capture.afpacket.poll_timeout                                | Total                     | 10329
capture.afpacket.poll_data                                   | Total                     | 73
decoder.pkts                                                 | Total                     | 106
decoder.bytes                                                | Total                     | 16272
decoder.ipv4                                                 | Total                     | 18
decoder.ipv6                                                 | Total                     | 84
decoder.ethernet                                             | Total                     | 106
decoder.arp                                                  | Total                     | 4
decoder.tcp                                                  | Total                     | 86
tcp.rst                                                      | Total                     | 3
decoder.udp                                                  | Total                     | 6
decoder.icmpv4                                               | Total                     | 8
decoder.icmpv6                                               | Total                     | 2
decoder.avg_pkt_size                                         | Total                     | 153
decoder.max_pkt_size                                         | Total                     | 1149
flow.total                                                   | Total                     | 9
flow.active                                                  | Total                     | 8
flow.tcp                                                     | Total                     | 5
flow.udp                                                     | Total                     | 2
flow.icmpv4                                                  | Total                     | 1
flow.icmpv6                                                  | Total                     | 1
flow.wrk.spare_sync_avg                                      | Total                     | 100
flow.wrk.spare_sync                                          | Total                     | 6
detect.alert                                                 | Total                     | 4
app_layer.flow.ntp                                           | Total                     | 1
app_layer.flow.dns_udp                                       | Total                     | 1
app_layer.tx.dns_udp                                         | Total                     | 4
app_layer.tx.ntp                                             | Total                     | 2
flow.end.state.new                                           | Total                     | 1
flow.mgr.full_hash_pass                                      | Total                     | 9
flow.mgr.rows_per_sec                                        | Total                     | 7208
flow.spare                                                   | Total                     | 9401
flow.mgr.rows_maxlen                                         | Total                     | 1
flow.mgr.flows_checked                                       | Total                     | 12
flow.mgr.flows_notimeout                                     | Total                     | 11
flow.mgr.flows_timeout                                       | Total                     | 1
flow.mgr.flows_evicted                                       | Total                     | 1
memcap.pressure                                              | Total                     | 11
memcap.pressure_max                                          | Total                     | 11
defrag.memuse                                                | Total                     | 33554432
flow.recycler.recycled                                       | Total                     | 1
flow.recycler.queue_max                                      | Total                     | 1
tcp.memuse                                                   | Total                     | 7471104
tcp.reassembly_memuse                                        | Total                     | 1376256
http.byterange.memuse                                        | Total                     | 168384
http.byterange.memcap                                        | Total                     | 104857600
ippair.memuse                                                | Total                     | 398144
ippair.memcap                                                | Total                     | 16777216
host.memuse                                                  | Total                     | 382144
host.memcap                                                  | Total                     | 33554432
flow.memuse                                                  | Total                     | 7234304
---------------------------------------------------------------------------------------------------
Date: 9/12/2026 -- 17:36:51 (uptime: 0d, 00h 01m 36s)
---------------------------------------------------------------------------------------------------
Counter                                                      | TM Name                   | Value
---------------------------------------------------------------------------------------------------
capture.kernel_packets                                       | Total                     | 108
capture.afpacket.polls                                       | Total                     | 11210
capture.afpacket.poll_timeout                                | Total                     | 11135
capture.afpacket.poll_data                                   | Total                     | 75
decoder.pkts                                                 | Total                     | 108
decoder.bytes                                                | Total                     | 16523
decoder.ipv4                                                 | Total                     | 18
decoder.ipv6                                                 | Total                     | 86
decoder.ethernet                                             | Total                     | 108
decoder.arp                                                  | Total                     | 4
decoder.tcp                                                  | Total                     | 88
tcp.rst                                                      | Total                     | 3
decoder.udp                                                  | Total                     | 6
decoder.icmpv4                                               | Total                     | 8
decoder.icmpv6                                               | Total                     | 2
decoder.avg_pkt_size                                         | Total                     | 152
decoder.max_pkt_size                                         | Total                     | 1149
flow.total                                                   | Total                     | 9
flow.active                                                  | Total                     | 8
flow.tcp                                                     | Total                     | 5
flow.udp                                                     | Total                     | 2
flow.icmpv4                                                  | Total                     | 1
flow.icmpv6                                                  | Total                     | 1
flow.wrk.spare_sync_avg                                      | Total                     | 100
flow.wrk.spare_sync                                          | Total                     | 6
detect.alert                                                 | Total                     | 4
app_layer.flow.ntp                                           | Total                     | 1
app_layer.flow.dns_udp                                       | Total                     | 1
app_layer.tx.dns_udp                                         | Total                     | 4
app_layer.tx.ntp                                             | Total                     | 2
flow.end.state.new                                           | Total                     | 1
flow.mgr.full_hash_pass                                      | Total                     | 10
flow.mgr.rows_per_sec                                        | Total                     | 7208
flow.spare                                                   | Total                     | 9401
flow.mgr.rows_maxlen                                         | Total                     | 1
flow.mgr.flows_checked                                       | Total                     | 12
flow.mgr.flows_notimeout                                     | Total                     | 11
flow.mgr.flows_timeout                                       | Total                     | 1
flow.mgr.flows_evicted                                       | Total                     | 1
memcap.pressure                                              | Total                     | 11
memcap.pressure_max                                          | Total                     | 11
defrag.memuse                                                | Total                     | 33554432
flow.recycler.recycled                                       | Total                     | 1
flow.recycler.queue_max                                      | Total                     | 1
tcp.memuse                                                   | Total                     | 7471104
tcp.reassembly_memuse                                        | Total                     | 1376256
http.byterange.memuse                                        | Total                     | 168384
http.byterange.memcap                                        | Total                     | 104857600
ippair.memuse                                                | Total                     | 398144
ippair.memcap                                                | Total                     | 16777216
host.memuse                                                  | Total                     | 382144
host.memcap                                                  | Total                     | 33554432
flow.memuse                                                  | Total                     | 7234304
---------------------------------------------------------------------------------------------------
Date: 9/12/2026 -- 17:36:59 (uptime: 0d, 00h 01m 44s)
---------------------------------------------------------------------------------------------------
Counter                                                      | TM Name                   | Value
---------------------------------------------------------------------------------------------------
capture.kernel_packets                                       | Total                     | 120
capture.afpacket.polls                                       | Total                     | 12202
capture.afpacket.poll_timeout                                | Total                     | 12120
capture.afpacket.poll_data                                   | Total                     | 82
decoder.pkts                                                 | Total                     | 120
decoder.bytes                                                | Total                     | 17871
decoder.ipv4                                                 | Total                     | 18
decoder.ipv6                                                 | Total                     | 98
decoder.ethernet                                             | Total                     | 120
decoder.arp                                                  | Total                     | 4
decoder.tcp                                                  | Total                     | 100
tcp.rst                                                      | Total                     | 3
decoder.udp                                                  | Total                     | 6
decoder.icmpv4                                               | Total                     | 8
decoder.icmpv6                                               | Total                     | 2
decoder.avg_pkt_size                                         | Total                     | 148
decoder.max_pkt_size                                         | Total                     | 1149
flow.total                                                   | Total                     | 9
flow.active                                                  | Total                     | 8
flow.tcp                                                     | Total                     | 5
flow.udp                                                     | Total                     | 2
flow.icmpv4                                                  | Total                     | 1
flow.icmpv6                                                  | Total                     | 1
flow.wrk.spare_sync_avg                                      | Total                     | 100
flow.wrk.spare_sync                                          | Total                     | 6
detect.alert                                                 | Total                     | 4
app_layer.flow.ntp                                           | Total                     | 1
app_layer.flow.dns_udp                                       | Total                     | 1
app_layer.tx.dns_udp                                         | Total                     | 4
app_layer.tx.ntp                                             | Total                     | 2
flow.end.state.new                                           | Total                     | 1
flow.mgr.full_hash_pass                                      | Total                     | 11
flow.mgr.rows_per_sec                                        | Total                     | 7208
flow.spare                                                   | Total                     | 9401
flow.mgr.rows_maxlen                                         | Total                     | 1
flow.mgr.flows_checked                                       | Total                     | 13
flow.mgr.flows_notimeout                                     | Total                     | 12
flow.mgr.flows_timeout                                       | Total                     | 1
flow.mgr.flows_evicted                                       | Total                     | 1
memcap.pressure                                              | Total                     | 11
memcap.pressure_max                                          | Total                     | 11
defrag.memuse                                                | Total                     | 33554432
flow.recycler.recycled                                       | Total                     | 1
flow.recycler.queue_max                                      | Total                     | 1
tcp.memuse                                                   | Total                     | 7471104
tcp.reassembly_memuse                                        | Total                     | 1376256
http.byterange.memuse                                        | Total                     | 168384
http.byterange.memcap                                        | Total                     | 104857600
ippair.memuse                                                | Total                     | 398144
ippair.memcap                                                | Total                     | 16777216
host.memuse                                                  | Total                     | 382144
host.memcap                                                  | Total                     | 33554432
flow.memuse                                                  | Total                     | 7234304
---------------------------------------------------------------------------------------------------
Date: 9/12/2026 -- 17:37:07 (uptime: 0d, 00h 01m 52s)
---------------------------------------------------------------------------------------------------
Counter                                                      | TM Name                   | Value
---------------------------------------------------------------------------------------------------
capture.kernel_packets                                       | Total                     | 120
capture.afpacket.polls                                       | Total                     | 13280
capture.afpacket.poll_timeout                                | Total                     | 13198
capture.afpacket.poll_data                                   | Total                     | 82
decoder.pkts                                                 | Total                     | 120
decoder.bytes                                                | Total                     | 17871
decoder.ipv4                                                 | Total                     | 18
decoder.ipv6                                                 | Total                     | 98
decoder.ethernet                                             | Total                     | 120
decoder.arp                                                  | Total                     | 4
decoder.tcp                                                  | Total                     | 100
tcp.rst                                                      | Total                     | 3
decoder.udp                                                  | Total                     | 6
decoder.icmpv4                                               | Total                     | 8
decoder.icmpv6                                               | Total                     | 2
decoder.avg_pkt_size                                         | Total                     | 148
decoder.max_pkt_size                                         | Total                     | 1149
flow.total                                                   | Total                     | 9
flow.active                                                  | Total                     | 8
flow.tcp                                                     | Total                     | 5
flow.udp                                                     | Total                     | 2
flow.icmpv4                                                  | Total                     | 1
flow.icmpv6                                                  | Total                     | 1
flow.wrk.spare_sync_avg                                      | Total                     | 100
flow.wrk.spare_sync                                          | Total                     | 6
detect.alert                                                 | Total                     | 4
app_layer.flow.ntp                                           | Total                     | 1
app_layer.flow.dns_udp                                       | Total                     | 1
app_layer.tx.dns_udp                                         | Total                     | 4
app_layer.tx.ntp                                             | Total                     | 2
flow.end.state.new                                           | Total                     | 1
flow.mgr.full_hash_pass                                      | Total                     | 12
flow.mgr.rows_per_sec                                        | Total                     | 7208
flow.spare                                                   | Total                     | 9401
flow.mgr.rows_maxlen                                         | Total                     | 1
flow.mgr.flows_checked                                       | Total                     | 14
flow.mgr.flows_notimeout                                     | Total                     | 13
flow.mgr.flows_timeout                                       | Total                     | 1
flow.mgr.flows_evicted                                       | Total                     | 1
memcap.pressure                                              | Total                     | 11
memcap.pressure_max                                          | Total                     | 11
defrag.memuse                                                | Total                     | 33554432
flow.recycler.recycled                                       | Total                     | 1
flow.recycler.queue_max                                      | Total                     | 1
tcp.memuse                                                   | Total                     | 7471104
tcp.reassembly_memuse                                        | Total                     | 1376256
http.byterange.memuse                                        | Total                     | 168384
http.byterange.memcap                                        | Total                     | 104857600
ippair.memuse                                                | Total                     | 398144
ippair.memcap                                                | Total                     | 16777216
host.memuse                                                  | Total                     | 382144
host.memcap                                                  | Total                     | 33554432
flow.memuse                                                  | Total                     | 7234304
---------------------------------------------------------------------------------------------------
Date: 9/12/2026 -- 17:37:15 (uptime: 0d, 00h 02m 00s)
---------------------------------------------------------------------------------------------------
Counter                                                      | TM Name                   | Value
---------------------------------------------------------------------------------------------------
capture.kernel_packets                                       | Total                     | 120
capture.afpacket.polls                                       | Total                     | 14000
capture.afpacket.poll_timeout                                | Total                     | 13918
capture.afpacket.poll_data                                   | Total                     | 82
decoder.pkts                                                 | Total                     | 120
decoder.bytes                                                | Total                     | 17871
decoder.ipv4                                                 | Total                     | 18
decoder.ipv6                                                 | Total                     | 98
decoder.ethernet                                             | Total                     | 120
decoder.arp                                                  | Total                     | 4
decoder.tcp                                                  | Total                     | 100
tcp.rst                                                      | Total                     | 3
decoder.udp                                                  | Total                     | 6
decoder.icmpv4                                               | Total                     | 8
decoder.icmpv6                                               | Total                     | 2
decoder.avg_pkt_size                                         | Total                     | 148
decoder.max_pkt_size                                         | Total                     | 1149
flow.total                                                   | Total                     | 9
flow.active                                                  | Total                     | 8
flow.tcp                                                     | Total                     | 5
flow.udp                                                     | Total                     | 2
flow.icmpv4                                                  | Total                     | 1
flow.icmpv6                                                  | Total                     | 1
flow.wrk.spare_sync_avg                                      | Total                     | 100
flow.wrk.spare_sync                                          | Total                     | 6
detect.alert                                                 | Total                     | 4
app_layer.flow.ntp                                           | Total                     | 1
app_layer.flow.dns_udp                                       | Total                     | 1
app_layer.tx.dns_udp                                         | Total                     | 4
app_layer.tx.ntp                                             | Total                     | 2
flow.end.state.new                                           | Total                     | 1
flow.mgr.full_hash_pass                                      | Total                     | 12
flow.mgr.rows_per_sec                                        | Total                     | 7208
flow.spare                                                   | Total                     | 9401
flow.mgr.rows_maxlen                                         | Total                     | 1
flow.mgr.flows_checked                                       | Total                     | 14
flow.mgr.flows_notimeout                                     | Total                     | 13
flow.mgr.flows_timeout                                       | Total                     | 1
flow.mgr.flows_evicted                                       | Total                     | 1
memcap.pressure                                              | Total                     | 11
memcap.pressure_max                                          | Total                     | 11
defrag.memuse                                                | Total                     | 33554432
flow.recycler.recycled                                       | Total                     | 1
flow.recycler.queue_max                                      | Total                     | 1
tcp.memuse                                                   | Total                     | 7471104
tcp.reassembly_memuse                                        | Total                     | 1376256
http.byterange.memuse                                        | Total                     | 168384
http.byterange.memcap                                        | Total                     | 104857600
ippair.memuse                                                | Total                     | 398144
ippair.memcap                                                | Total                     | 16777216
host.memuse                                                  | Total                     | 382144
host.memcap                                                  | Total                     | 33554432
flow.memuse                                                  | Total                     | 7234304
---------------------------------------------------------------------------------------------------
Date: 9/12/2026 -- 17:37:23 (uptime: 0d, 00h 02m 08s)
---------------------------------------------------------------------------------------------------
Counter                                                      | TM Name                   | Value
---------------------------------------------------------------------------------------------------
capture.kernel_packets                                       | Total                     | 120
capture.afpacket.polls                                       | Total                     | 15079
capture.afpacket.poll_timeout                                | Total                     | 14997
capture.afpacket.poll_data                                   | Total                     | 82
decoder.pkts                                                 | Total                     | 120
decoder.bytes                                                | Total                     | 17871
decoder.ipv4                                                 | Total                     | 18
decoder.ipv6                                                 | Total                     | 98
decoder.ethernet                                             | Total                     | 120
decoder.arp                                                  | Total                     | 4
decoder.tcp                                                  | Total                     | 100
tcp.rst                                                      | Total                     | 3
decoder.udp                                                  | Total                     | 6
decoder.icmpv4                                               | Total                     | 8
decoder.icmpv6                                               | Total                     | 2
decoder.avg_pkt_size                                         | Total                     | 148
decoder.max_pkt_size                                         | Total                     | 1149
flow.total                                                   | Total                     | 9
flow.active                                                  | Total                     | 8
flow.tcp                                                     | Total                     | 5
flow.udp                                                     | Total                     | 2
flow.icmpv4                                                  | Total                     | 1
flow.icmpv6                                                  | Total                     | 1
flow.wrk.spare_sync_avg                                      | Total                     | 100
flow.wrk.spare_sync                                          | Total                     | 6
detect.alert                                                 | Total                     | 4
app_layer.flow.ntp                                           | Total                     | 1
app_layer.flow.dns_udp                                       | Total                     | 1
app_layer.tx.dns_udp                                         | Total                     | 4
app_layer.tx.ntp                                             | Total                     | 2
flow.end.state.new                                           | Total                     | 1
flow.mgr.full_hash_pass                                      | Total                     | 13
flow.mgr.rows_per_sec                                        | Total                     | 7208
flow.spare                                                   | Total                     | 9401
flow.mgr.rows_maxlen                                         | Total                     | 1
flow.mgr.flows_checked                                       | Total                     | 15
flow.mgr.flows_notimeout                                     | Total                     | 14
flow.mgr.flows_timeout                                       | Total                     | 1
flow.mgr.flows_evicted                                       | Total                     | 1
memcap.pressure                                              | Total                     | 11
memcap.pressure_max                                          | Total                     | 11
defrag.memuse                                                | Total                     | 33554432
flow.recycler.recycled                                       | Total                     | 1
flow.recycler.queue_max                                      | Total                     | 1
tcp.memuse                                                   | Total                     | 7471104
tcp.reassembly_memuse                                        | Total                     | 1376256
http.byterange.memuse                                        | Total                     | 168384
http.byterange.memcap                                        | Total                     | 104857600
ippair.memuse                                                | Total                     | 398144
ippair.memcap                                                | Total                     | 16777216
host.memuse                                                  | Total                     | 382144
host.memcap                                                  | Total                     | 33554432
flow.memuse                                                  | Total                     | 7234304
---------------------------------------------------------------------------------------------------
Date: 9/12/2026 -- 17:37:31 (uptime: 0d, 00h 02m 16s)
---------------------------------------------------------------------------------------------------
Counter                                                      | TM Name                   | Value
---------------------------------------------------------------------------------------------------
capture.kernel_packets                                       | Total                     | 151
capture.afpacket.polls                                       | Total                     | 16166
capture.afpacket.poll_timeout                                | Total                     | 16066
capture.afpacket.poll_data                                   | Total                     | 100
decoder.pkts                                                 | Total                     | 151
decoder.bytes                                                | Total                     | 26483
decoder.ipv4                                                 | Total                     | 27
decoder.ipv6                                                 | Total                     | 118
decoder.ethernet                                             | Total                     | 151
decoder.arp                                                  | Total                     | 6
decoder.tcp                                                  | Total                     | 123
tcp.rst                                                      | Total                     | 3
decoder.udp                                                  | Total                     | 12
decoder.icmpv4                                               | Total                     | 8
decoder.icmpv6                                               | Total                     | 2
decoder.avg_pkt_size                                         | Total                     | 175
decoder.max_pkt_size                                         | Total                     | 1444
flow.total                                                   | Total                     | 11
flow.active                                                  | Total                     | 10
flow.tcp                                                     | Total                     | 5
flow.udp                                                     | Total                     | 4
flow.icmpv4                                                  | Total                     | 1
flow.icmpv6                                                  | Total                     | 1
flow.wrk.spare_sync_avg                                      | Total                     | 100
flow.wrk.spare_sync                                          | Total                     | 6
detect.alert                                                 | Total                     | 4
app_layer.flow.ntp                                           | Total                     | 1
app_layer.flow.dns_udp                                       | Total                     | 3
app_layer.tx.dns_udp                                         | Total                     | 10
app_layer.tx.ntp                                             | Total                     | 2
flow.end.state.new                                           | Total                     | 1
flow.mgr.full_hash_pass                                      | Total                     | 14
flow.mgr.rows_per_sec                                        | Total                     | 7208
flow.spare                                                   | Total                     | 9401
flow.mgr.rows_maxlen                                         | Total                     | 1
flow.mgr.flows_checked                                       | Total                     | 17
flow.mgr.flows_notimeout                                     | Total                     | 16
flow.mgr.flows_timeout                                       | Total                     | 1
flow.mgr.flows_evicted                                       | Total                     | 1
memcap.pressure                                              | Total                     | 11
memcap.pressure_max                                          | Total                     | 11
defrag.memuse                                                | Total                     | 33554432
flow.recycler.recycled                                       | Total                     | 1
flow.recycler.queue_max                                      | Total                     | 1
tcp.memuse                                                   | Total                     | 7471104
tcp.reassembly_memuse                                        | Total                     | 1376256
http.byterange.memuse                                        | Total                     | 168384
http.byterange.memcap                                        | Total                     | 104857600
ippair.memuse                                                | Total                     | 398144
ippair.memcap                                                | Total                     | 16777216
host.memuse                                                  | Total                     | 382144
host.memcap                                                  | Total                     | 33554432
flow.memuse                                                  | Total                     | 7234304
---------------------------------------------------------------------------------------------------
Date: 9/12/2026 -- 17:37:39 (uptime: 0d, 00h 02m 24s)
---------------------------------------------------------------------------------------------------
Counter                                                      | TM Name                   | Value
---------------------------------------------------------------------------------------------------
capture.kernel_packets                                       | Total                     | 151
capture.afpacket.polls                                       | Total                     | 17093
capture.afpacket.poll_timeout                                | Total                     | 16993
capture.afpacket.poll_data                                   | Total                     | 100
decoder.pkts                                                 | Total                     | 151
decoder.bytes                                                | Total                     | 26483
decoder.ipv4                                                 | Total                     | 27
decoder.ipv6                                                 | Total                     | 118
decoder.ethernet                                             | Total                     | 151
decoder.arp                                                  | Total                     | 6
decoder.tcp                                                  | Total                     | 123
tcp.rst                                                      | Total                     | 3
decoder.udp                                                  | Total                     | 12
decoder.icmpv4                                               | Total                     | 8
decoder.icmpv6                                               | Total                     | 2
decoder.avg_pkt_size                                         | Total                     | 175
decoder.max_pkt_size                                         | Total                     | 1444
flow.total                                                   | Total                     | 11
flow.active                                                  | Total                     | 10
flow.tcp                                                     | Total                     | 5
flow.udp                                                     | Total                     | 4
flow.icmpv4                                                  | Total                     | 1
flow.icmpv6                                                  | Total                     | 1
flow.wrk.spare_sync_avg                                      | Total                     | 100
flow.wrk.spare_sync                                          | Total                     | 6
detect.alert                                                 | Total                     | 4
app_layer.flow.ntp                                           | Total                     | 1
app_layer.flow.dns_udp                                       | Total                     | 3
app_layer.tx.dns_udp                                         | Total                     | 10
app_layer.tx.ntp                                             | Total                     | 2
flow.end.state.new                                           | Total                     | 1
flow.mgr.full_hash_pass                                      | Total                     | 15
flow.mgr.rows_per_sec                                        | Total                     | 7208
flow.spare                                                   | Total                     | 9401
flow.mgr.rows_maxlen                                         | Total                     | 1
flow.mgr.flows_checked                                       | Total                     | 18
flow.mgr.flows_notimeout                                     | Total                     | 17
flow.mgr.flows_timeout                                       | Total                     | 1
flow.mgr.flows_evicted                                       | Total                     | 1
memcap.pressure                                              | Total                     | 11
memcap.pressure_max                                          | Total                     | 11
defrag.memuse                                                | Total                     | 33554432
flow.recycler.recycled                                       | Total                     | 1
flow.recycler.queue_max                                      | Total                     | 1
tcp.memuse                                                   | Total                     | 7471104
tcp.reassembly_memuse                                        | Total                     | 1376256
http.byterange.memuse                                        | Total                     | 168384
http.byterange.memcap                                        | Total                     | 104857600
ippair.memuse                                                | Total                     | 398144
ippair.memcap                                                | Total                     | 16777216
host.memuse                                                  | Total                     | 382144
host.memcap                                                  | Total                     | 33554432
flow.memuse                                                  | Total                     | 7234304
---------------------------------------------------------------------------------------------------
Date: 9/12/2026 -- 17:37:47 (uptime: 0d, 00h 02m 32s)
---------------------------------------------------------------------------------------------------
Counter                                                      | TM Name                   | Value
---------------------------------------------------------------------------------------------------
capture.kernel_packets                                       | Total                     | 174
capture.afpacket.polls                                       | Total                     | 17968
capture.afpacket.poll_timeout                                | Total                     | 17858
capture.afpacket.poll_data                                   | Total                     | 110
decoder.pkts                                                 | Total                     | 174
decoder.bytes                                                | Total                     | 28851
decoder.ipv4                                                 | Total                     | 27
decoder.ipv6                                                 | Total                     | 141
decoder.ethernet                                             | Total                     | 174
decoder.arp                                                  | Total                     | 6
decoder.tcp                                                  | Total                     | 143
tcp.rst                                                      | Total                     | 7
decoder.udp                                                  | Total                     | 12
decoder.icmpv4                                               | Total                     | 8
decoder.icmpv6                                               | Total                     | 5
decoder.avg_pkt_size                                         | Total                     | 165
decoder.max_pkt_size                                         | Total                     | 1444
flow.total                                                   | Total                     | 13
flow.active                                                  | Total                     | 12
flow.tcp                                                     | Total                     | 5
flow.udp                                                     | Total                     | 4
flow.icmpv4                                                  | Total                     | 1
flow.icmpv6                                                  | Total                     | 3
flow.wrk.spare_sync_avg                                      | Total                     | 100
flow.wrk.spare_sync                                          | Total                     | 7
decoder.event.ipv6.zero_len_padn                             | Total                     | 2
detect.alert                                                 | Total                     | 6
app_layer.flow.ntp                                           | Total                     | 1
app_layer.flow.dns_udp                                       | Total                     | 3
app_layer.tx.dns_udp                                         | Total                     | 10
app_layer.tx.ntp                                             | Total                     | 2
flow.end.state.new                                           | Total                     | 1
flow.mgr.full_hash_pass                                      | Total                     | 16
flow.mgr.rows_per_sec                                        | Total                     | 7208
flow.spare                                                   | Total                     | 9301
flow.mgr.rows_maxlen                                         | Total                     | 1
flow.mgr.flows_checked                                       | Total                     | 19
flow.mgr.flows_notimeout                                     | Total                     | 18
flow.mgr.flows_timeout                                       | Total                     | 1
flow.mgr.flows_evicted                                       | Total                     | 1
memcap.pressure                                              | Total                     | 11
memcap.pressure_max                                          | Total                     | 11
defrag.memuse                                                | Total                     | 33554432
flow.recycler.recycled                                       | Total                     | 1
flow.recycler.queue_max                                      | Total                     | 1
tcp.memuse                                                   | Total                     | 7471104
tcp.reassembly_memuse                                        | Total                     | 1376256
http.byterange.memuse                                        | Total                     | 168384
http.byterange.memcap                                        | Total                     | 104857600
ippair.memuse                                                | Total                     | 398144
ippair.memcap                                                | Total                     | 16777216
host.memuse                                                  | Total                     | 382144
host.memcap                                                  | Total                     | 33554432
flow.memuse                                                  | Total                     | 7234304
---------------------------------------------------------------------------------------------------
Date: 9/12/2026 -- 17:37:55 (uptime: 0d, 00h 02m 40s)
---------------------------------------------------------------------------------------------------
Counter                                                      | TM Name                   | Value
---------------------------------------------------------------------------------------------------
capture.kernel_packets                                       | Total                     | 176
capture.afpacket.polls                                       | Total                     | 19047
capture.afpacket.poll_timeout                                | Total                     | 18936
capture.afpacket.poll_data                                   | Total                     | 111
decoder.pkts                                                 | Total                     | 176
decoder.bytes                                                | Total                     | 29015
decoder.ipv4                                                 | Total                     | 27
decoder.ipv6                                                 | Total                     | 143
decoder.ethernet                                             | Total                     | 176
decoder.arp                                                  | Total                     | 6
decoder.tcp                                                  | Total                     | 143
tcp.rst                                                      | Total                     | 7
decoder.udp                                                  | Total                     | 12
decoder.icmpv4                                               | Total                     | 8
decoder.icmpv6                                               | Total                     | 7
decoder.avg_pkt_size                                         | Total                     | 164
decoder.max_pkt_size                                         | Total                     | 1444
flow.total                                                   | Total                     | 13
flow.active                                                  | Total                     | 12
flow.tcp                                                     | Total                     | 5
flow.udp                                                     | Total                     | 4
flow.icmpv4                                                  | Total                     | 1
flow.icmpv6                                                  | Total                     | 3
flow.wrk.spare_sync_avg                                      | Total                     | 100
flow.wrk.spare_sync                                          | Total                     | 7
decoder.event.ipv6.zero_len_padn                             | Total                     | 2
detect.alert                                                 | Total                     | 6
app_layer.flow.ntp                                           | Total                     | 1
app_layer.flow.dns_udp                                       | Total                     | 3
app_layer.tx.dns_udp                                         | Total                     | 10
app_layer.tx.ntp                                             | Total                     | 2
flow.end.state.new                                           | Total                     | 1
flow.mgr.full_hash_pass                                      | Total                     | 17
flow.mgr.rows_per_sec                                        | Total                     | 7208
flow.spare                                                   | Total                     | 9301
flow.mgr.rows_maxlen                                         | Total                     | 1
flow.mgr.flows_checked                                       | Total                     | 21
flow.mgr.flows_notimeout                                     | Total                     | 20
flow.mgr.flows_timeout                                       | Total                     | 1
flow.mgr.flows_evicted                                       | Total                     | 1
memcap.pressure                                              | Total                     | 11
memcap.pressure_max                                          | Total                     | 11
defrag.memuse                                                | Total                     | 33554432
flow.recycler.recycled                                       | Total                     | 1
flow.recycler.queue_max                                      | Total                     | 1
tcp.memuse                                                   | Total                     | 7471104
tcp.reassembly_memuse                                        | Total                     | 1376256
http.byterange.memuse                                        | Total                     | 168384
http.byterange.memcap                                        | Total                     | 104857600
ippair.memuse                                                | Total                     | 398144
ippair.memcap                                                | Total                     | 16777216
host.memuse                                                  | Total                     | 382144
host.memcap                                                  | Total                     | 33554432
flow.memuse                                                  | Total                     | 7234304
---------------------------------------------------------------------------------------------------
Date: 9/12/2026 -- 17:38:03 (uptime: 0d, 00h 02m 48s)
---------------------------------------------------------------------------------------------------
Counter                                                      | TM Name                   | Value
---------------------------------------------------------------------------------------------------
capture.kernel_packets                                       | Total                     | 176
capture.afpacket.polls                                       | Total                     | 19797
capture.afpacket.poll_timeout                                | Total                     | 19684
capture.afpacket.poll_data                                   | Total                     | 113
decoder.pkts                                                 | Total                     | 178
decoder.bytes                                                | Total                     | 29266
decoder.ipv4                                                 | Total                     | 27
decoder.ipv6                                                 | Total                     | 145
decoder.ethernet                                             | Total                     | 178
decoder.arp                                                  | Total                     | 6
decoder.tcp                                                  | Total                     | 145
tcp.rst                                                      | Total                     | 7
decoder.udp                                                  | Total                     | 12
decoder.icmpv4                                               | Total                     | 8
decoder.icmpv6                                               | Total                     | 7
decoder.avg_pkt_size                                         | Total                     | 164
decoder.max_pkt_size                                         | Total                     | 1444
flow.total                                                   | Total                     | 13
flow.active                                                  | Total                     | 12
flow.tcp                                                     | Total                     | 5
flow.udp                                                     | Total                     | 4
flow.icmpv4                                                  | Total                     | 1
flow.icmpv6                                                  | Total                     | 3
flow.wrk.spare_sync_avg                                      | Total                     | 100
flow.wrk.spare_sync                                          | Total                     | 7
decoder.event.ipv6.zero_len_padn                             | Total                     | 2
detect.alert                                                 | Total                     | 6
app_layer.flow.ntp                                           | Total                     | 1
app_layer.flow.dns_udp                                       | Total                     | 3
app_layer.tx.dns_udp                                         | Total                     | 10
app_layer.tx.ntp                                             | Total                     | 2
flow.end.state.new                                           | Total                     | 1
flow.mgr.full_hash_pass                                      | Total                     | 18
flow.mgr.rows_per_sec                                        | Total                     | 7208
flow.spare                                                   | Total                     | 9301
flow.mgr.rows_maxlen                                         | Total                     | 1
flow.mgr.flows_checked                                       | Total                     | 22
flow.mgr.flows_notimeout                                     | Total                     | 21
flow.mgr.flows_timeout                                       | Total                     | 1
flow.mgr.flows_evicted                                       | Total                     | 1
memcap.pressure                                              | Total                     | 11
memcap.pressure_max                                          | Total                     | 11
defrag.memuse                                                | Total                     | 33554432
flow.recycler.recycled                                       | Total                     | 1
flow.recycler.queue_max                                      | Total                     | 1
tcp.memuse                                                   | Total                     | 7471104
tcp.reassembly_memuse                                        | Total                     | 1376256
http.byterange.memuse                                        | Total                     | 168384
http.byterange.memcap                                        | Total                     | 104857600
ippair.memuse                                                | Total                     | 398144
ippair.memcap                                                | Total                     | 16777216
host.memuse                                                  | Total                     | 382144
host.memcap                                                  | Total                     | 33554432
flow.memuse                                                  | Total                     | 7234304
---------------------------------------------------------------------------------------------------
Date: 9/12/2026 -- 17:38:11 (uptime: 0d, 00h 02m 56s)
---------------------------------------------------------------------------------------------------
Counter                                                      | TM Name                   | Value
---------------------------------------------------------------------------------------------------
capture.kernel_packets                                       | Total                     | 180
capture.afpacket.polls                                       | Total                     | 20845
capture.afpacket.poll_timeout                                | Total                     | 20731
capture.afpacket.poll_data                                   | Total                     | 114
decoder.pkts                                                 | Total                     | 180
decoder.bytes                                                | Total                     | 29519
decoder.ipv4                                                 | Total                     | 27
decoder.ipv6                                                 | Total                     | 147
decoder.ethernet                                             | Total                     | 180
decoder.arp                                                  | Total                     | 6
decoder.tcp                                                  | Total                     | 147
tcp.rst                                                      | Total                     | 7
decoder.udp                                                  | Total                     | 12
decoder.icmpv4                                               | Total                     | 8
decoder.icmpv6                                               | Total                     | 7
decoder.avg_pkt_size                                         | Total                     | 163
decoder.max_pkt_size                                         | Total                     | 1444
flow.total                                                   | Total                     | 13
flow.active                                                  | Total                     | 12
flow.tcp                                                     | Total                     | 5
flow.udp                                                     | Total                     | 4
flow.icmpv4                                                  | Total                     | 1
flow.icmpv6                                                  | Total                     | 3
flow.wrk.spare_sync_avg                                      | Total                     | 100
flow.wrk.spare_sync                                          | Total                     | 7
decoder.event.ipv6.zero_len_padn                             | Total                     | 2
detect.alert                                                 | Total                     | 6
app_layer.flow.ntp                                           | Total                     | 1
app_layer.flow.dns_udp                                       | Total                     | 3
app_layer.tx.dns_udp                                         | Total                     | 10
app_layer.tx.ntp                                             | Total                     | 2
flow.end.state.new                                           | Total                     | 1
flow.mgr.full_hash_pass                                      | Total                     | 19
flow.mgr.rows_per_sec                                        | Total                     | 7208
flow.spare                                                   | Total                     | 9301
flow.mgr.rows_maxlen                                         | Total                     | 1
flow.mgr.flows_checked                                       | Total                     | 23
flow.mgr.flows_notimeout                                     | Total                     | 22
flow.mgr.flows_timeout                                       | Total                     | 1
flow.mgr.flows_evicted                                       | Total                     | 1
memcap.pressure                                              | Total                     | 11
memcap.pressure_max                                          | Total                     | 11
defrag.memuse                                                | Total                     | 33554432
flow.recycler.recycled                                       | Total                     | 1
flow.recycler.queue_max                                      | Total                     | 1
tcp.memuse                                                   | Total                     | 7471104
tcp.reassembly_memuse                                        | Total                     | 1376256
http.byterange.memuse                                        | Total                     | 168384
http.byterange.memcap                                        | Total                     | 104857600
ippair.memuse                                                | Total                     | 398144
ippair.memcap                                                | Total                     | 16777216
host.memuse                                                  | Total                     | 382144
host.memcap                                                  | Total                     | 33554432
flow.memuse                                                  | Total                     | 7234304
---------------------------------------------------------------------------------------------------
Date: 9/12/2026 -- 17:38:19 (uptime: 0d, 00h 03m 04s)
---------------------------------------------------------------------------------------------------
Counter                                                      | TM Name                   | Value
---------------------------------------------------------------------------------------------------
capture.kernel_packets                                       | Total                     | 184
capture.afpacket.polls                                       | Total                     | 21924
capture.afpacket.poll_timeout                                | Total                     | 21807
capture.afpacket.poll_data                                   | Total                     | 117
decoder.pkts                                                 | Total                     | 184
decoder.bytes                                                | Total                     | 30086
decoder.ipv4                                                 | Total                     | 27
decoder.ipv6                                                 | Total                     | 151
decoder.ethernet                                             | Total                     | 184
decoder.arp                                                  | Total                     | 6
decoder.tcp                                                  | Total                     | 151
tcp.rst                                                      | Total                     | 7
decoder.udp                                                  | Total                     | 12
decoder.icmpv4                                               | Total                     | 8
decoder.icmpv6                                               | Total                     | 7
decoder.avg_pkt_size                                         | Total                     | 163
decoder.max_pkt_size                                         | Total                     | 1444
flow.total                                                   | Total                     | 13
flow.active                                                  | Total                     | 10
flow.tcp                                                     | Total                     | 5
flow.udp                                                     | Total                     | 4
flow.icmpv4                                                  | Total                     | 1
flow.icmpv6                                                  | Total                     | 3
flow.wrk.spare_sync_avg                                      | Total                     | 100
flow.wrk.spare_sync                                          | Total                     | 7
decoder.event.ipv6.zero_len_padn                             | Total                     | 2
detect.alert                                                 | Total                     | 6
app_layer.flow.ntp                                           | Total                     | 1
app_layer.flow.dns_udp                                       | Total                     | 3
app_layer.tx.dns_udp                                         | Total                     | 10
app_layer.tx.ntp                                             | Total                     | 2
flow.end.state.new                                           | Total                     | 3
flow.mgr.full_hash_pass                                      | Total                     | 20
flow.mgr.rows_per_sec                                        | Total                     | 7208
flow.spare                                                   | Total                     | 9302
flow.mgr.rows_maxlen                                         | Total                     | 1
flow.mgr.flows_checked                                       | Total                     | 25
flow.mgr.flows_notimeout                                     | Total                     | 22
flow.mgr.flows_timeout                                       | Total                     | 3
flow.mgr.flows_evicted                                       | Total                     | 3
memcap.pressure                                              | Total                     | 11
memcap.pressure_max                                          | Total                     | 11
defrag.memuse                                                | Total                     | 33554432
flow.recycler.recycled                                       | Total                     | 3
flow.recycler.queue_max                                      | Total                     | 1
tcp.memuse                                                   | Total                     | 7471104
tcp.reassembly_memuse                                        | Total                     | 1376256
http.byterange.memuse                                        | Total                     | 168384
http.byterange.memcap                                        | Total                     | 104857600
ippair.memuse                                                | Total                     | 398144
ippair.memcap                                                | Total                     | 16777216
host.memuse                                                  | Total                     | 382144
host.memcap                                                  | Total                     | 33554432
flow.memuse                                                  | Total                     | 7234304
---------------------------------------------------------------------------------------------------
Date: 9/12/2026 -- 17:38:27 (uptime: 0d, 00h 03m 12s)
---------------------------------------------------------------------------------------------------
Counter                                                      | TM Name                   | Value
---------------------------------------------------------------------------------------------------
capture.kernel_packets                                       | Total                     | 192
capture.afpacket.polls                                       | Total                     | 22825
capture.afpacket.poll_timeout                                | Total                     | 22701
capture.afpacket.poll_data                                   | Total                     | 124
decoder.pkts                                                 | Total                     | 192
decoder.bytes                                                | Total                     | 31157
decoder.ipv4                                                 | Total                     | 27
decoder.ipv6                                                 | Total                     | 159
decoder.ethernet                                             | Total                     | 192
decoder.arp                                                  | Total                     | 6
decoder.tcp                                                  | Total                     | 159
tcp.rst                                                      | Total                     | 7
decoder.udp                                                  | Total                     | 12
decoder.icmpv4                                               | Total                     | 8
decoder.icmpv6                                               | Total                     | 7
decoder.avg_pkt_size                                         | Total                     | 162
decoder.max_pkt_size                                         | Total                     | 1444
flow.total                                                   | Total                     | 13
flow.active                                                  | Total                     | 10
flow.tcp                                                     | Total                     | 5
flow.udp                                                     | Total                     | 4
flow.icmpv4                                                  | Total                     | 1
flow.icmpv6                                                  | Total                     | 3
flow.wrk.spare_sync_avg                                      | Total                     | 100
flow.wrk.spare_sync                                          | Total                     | 7
decoder.event.ipv6.zero_len_padn                             | Total                     | 2
detect.alert                                                 | Total                     | 6
app_layer.flow.ntp                                           | Total                     | 1
app_layer.flow.dns_udp                                       | Total                     | 3
app_layer.tx.dns_udp                                         | Total                     | 10
app_layer.tx.ntp                                             | Total                     | 2
flow.end.state.new                                           | Total                     | 3
flow.mgr.full_hash_pass                                      | Total                     | 20
flow.mgr.rows_per_sec                                        | Total                     | 7208
flow.spare                                                   | Total                     | 9303
flow.mgr.rows_maxlen                                         | Total                     | 1
flow.mgr.flows_checked                                       | Total                     | 25
flow.mgr.flows_notimeout                                     | Total                     | 22
flow.mgr.flows_timeout                                       | Total                     | 3
flow.mgr.flows_evicted                                       | Total                     | 3
memcap.pressure                                              | Total                     | 11
memcap.pressure_max                                          | Total                     | 11
defrag.memuse                                                | Total                     | 33554432
flow.recycler.recycled                                       | Total                     | 3
flow.recycler.queue_max                                      | Total                     | 1
tcp.memuse                                                   | Total                     | 7471104
tcp.reassembly_memuse                                        | Total                     | 1376256
http.byterange.memuse                                        | Total                     | 168384
http.byterange.memcap                                        | Total                     | 104857600
ippair.memuse                                                | Total                     | 398144
ippair.memcap                                                | Total                     | 16777216
host.memuse                                                  | Total                     | 382144
host.memcap                                                  | Total                     | 33554432
flow.memuse                                                  | Total                     | 7234304
---------------------------------------------------------------------------------------------------
Date: 9/12/2026 -- 17:38:35 (uptime: 0d, 00h 03m 20s)
---------------------------------------------------------------------------------------------------
Counter                                                      | TM Name                   | Value
---------------------------------------------------------------------------------------------------
capture.kernel_packets                                       | Total                     | 197
capture.afpacket.polls                                       | Total                     | 23728
capture.afpacket.poll_timeout                                | Total                     | 23600
capture.afpacket.poll_data                                   | Total                     | 128
decoder.pkts                                                 | Total                     | 197
decoder.bytes                                                | Total                     | 31495
decoder.ipv4                                                 | Total                     | 30
decoder.ipv6                                                 | Total                     | 159
decoder.ethernet                                             | Total                     | 197
decoder.arp                                                  | Total                     | 8
decoder.tcp                                                  | Total                     | 162
tcp.rst                                                      | Total                     | 7
decoder.udp                                                  | Total                     | 12
decoder.icmpv4                                               | Total                     | 8
decoder.icmpv6                                               | Total                     | 7
decoder.avg_pkt_size                                         | Total                     | 159
decoder.max_pkt_size                                         | Total                     | 1444
flow.total                                                   | Total                     | 13
flow.active                                                  | Total                     | 10
flow.tcp                                                     | Total                     | 5
flow.udp                                                     | Total                     | 4
flow.icmpv4                                                  | Total                     | 1
flow.icmpv6                                                  | Total                     | 3
flow.wrk.spare_sync_avg                                      | Total                     | 100
flow.wrk.spare_sync                                          | Total                     | 7
decoder.event.ipv6.zero_len_padn                             | Total                     | 2
detect.alert                                                 | Total                     | 6
app_layer.flow.ntp                                           | Total                     | 1
app_layer.flow.dns_udp                                       | Total                     | 3
app_layer.tx.dns_udp                                         | Total                     | 10
app_layer.tx.ntp                                             | Total                     | 2
flow.end.state.new                                           | Total                     | 3
flow.mgr.full_hash_pass                                      | Total                     | 21
flow.mgr.rows_per_sec                                        | Total                     | 7208
flow.spare                                                   | Total                     | 9303
flow.mgr.rows_maxlen                                         | Total                     | 1
flow.mgr.flows_checked                                       | Total                     | 25
flow.mgr.flows_notimeout                                     | Total                     | 22
flow.mgr.flows_timeout                                       | Total                     | 3
flow.mgr.flows_evicted                                       | Total                     | 3
memcap.pressure                                              | Total                     | 11
memcap.pressure_max                                          | Total                     | 11
defrag.memuse                                                | Total                     | 33554432
flow.recycler.recycled                                       | Total                     | 3
flow.recycler.queue_max                                      | Total                     | 1
tcp.memuse                                                   | Total                     | 7471104
tcp.reassembly_memuse                                        | Total                     | 1376256
http.byterange.memuse                                        | Total                     | 168384
http.byterange.memcap                                        | Total                     | 104857600
ippair.memuse                                                | Total                     | 398144
ippair.memcap                                                | Total                     | 16777216
host.memuse                                                  | Total                     | 382144
host.memcap                                                  | Total                     | 33554432
flow.memuse                                                  | Total                     | 7234304
---------------------------------------------------------------------------------------------------
Date: 9/12/2026 -- 17:38:43 (uptime: 0d, 00h 03m 28s)
---------------------------------------------------------------------------------------------------
Counter                                                      | TM Name                   | Value
---------------------------------------------------------------------------------------------------
capture.kernel_packets                                       | Total                     | 197
capture.afpacket.polls                                       | Total                     | 24806
capture.afpacket.poll_timeout                                | Total                     | 24678
capture.afpacket.poll_data                                   | Total                     | 128
decoder.pkts                                                 | Total                     | 197
decoder.bytes                                                | Total                     | 31495
decoder.ipv4                                                 | Total                     | 30
decoder.ipv6                                                 | Total                     | 159
decoder.ethernet                                             | Total                     | 197
decoder.arp                                                  | Total                     | 8
decoder.tcp                                                  | Total                     | 162
tcp.rst                                                      | Total                     | 7
decoder.udp                                                  | Total                     | 12
decoder.icmpv4                                               | Total                     | 8
decoder.icmpv6                                               | Total                     | 7
decoder.avg_pkt_size                                         | Total                     | 159
decoder.max_pkt_size                                         | Total                     | 1444
flow.total                                                   | Total                     | 13
flow.active                                                  | Total                     | 10
flow.tcp                                                     | Total                     | 5
flow.udp                                                     | Total                     | 4
flow.icmpv4                                                  | Total                     | 1
flow.icmpv6                                                  | Total                     | 3
flow.wrk.spare_sync_avg                                      | Total                     | 100
flow.wrk.spare_sync                                          | Total                     | 7
decoder.event.ipv6.zero_len_padn                             | Total                     | 2
detect.alert                                                 | Total                     | 6
app_layer.flow.ntp                                           | Total                     | 1
app_layer.flow.dns_udp                                       | Total                     | 3
app_layer.tx.dns_udp                                         | Total                     | 10
app_layer.tx.ntp                                             | Total                     | 2
flow.end.state.new                                           | Total                     | 3
flow.mgr.full_hash_pass                                      | Total                     | 22
flow.mgr.rows_per_sec                                        | Total                     | 7208
flow.spare                                                   | Total                     | 9303
flow.mgr.rows_maxlen                                         | Total                     | 1
flow.mgr.flows_checked                                       | Total                     | 26
flow.mgr.flows_notimeout                                     | Total                     | 23
flow.mgr.flows_timeout                                       | Total                     | 3
flow.mgr.flows_evicted                                       | Total                     | 3
memcap.pressure                                              | Total                     | 11
memcap.pressure_max                                          | Total                     | 11
defrag.memuse                                                | Total                     | 33554432
flow.recycler.recycled                                       | Total                     | 3
flow.recycler.queue_max                                      | Total                     | 1
tcp.memuse                                                   | Total                     | 7471104
tcp.reassembly_memuse                                        | Total                     | 1376256
http.byterange.memuse                                        | Total                     | 168384
http.byterange.memcap                                        | Total                     | 104857600
ippair.memuse                                                | Total                     | 398144
ippair.memcap                                                | Total                     | 16777216
host.memuse                                                  | Total                     | 382144
host.memcap                                                  | Total                     | 33554432
flow.memuse                                                  | Total                     | 7234304
---------------------------------------------------------------------------------------------------
Date: 9/12/2026 -- 17:38:51 (uptime: 0d, 00h 03m 36s)
---------------------------------------------------------------------------------------------------
Counter                                                      | TM Name                   | Value
---------------------------------------------------------------------------------------------------
capture.kernel_packets                                       | Total                     | 201
capture.afpacket.polls                                       | Total                     | 25617
capture.afpacket.poll_timeout                                | Total                     | 25486
capture.afpacket.poll_data                                   | Total                     | 131
decoder.pkts                                                 | Total                     | 201
decoder.bytes                                                | Total                     | 31999
decoder.ipv4                                                 | Total                     | 30
decoder.ipv6                                                 | Total                     | 163
decoder.ethernet                                             | Total                     | 201
decoder.arp                                                  | Total                     | 8
decoder.tcp                                                  | Total                     | 166
tcp.rst                                                      | Total                     | 7
decoder.udp                                                  | Total                     | 12
decoder.icmpv4                                               | Total                     | 8
decoder.icmpv6                                               | Total                     | 7
decoder.avg_pkt_size                                         | Total                     | 159
decoder.max_pkt_size                                         | Total                     | 1444
flow.total                                                   | Total                     | 13
flow.active                                                  | Total                     | 8
flow.tcp                                                     | Total                     | 5
flow.udp                                                     | Total                     | 4
flow.icmpv4                                                  | Total                     | 1
flow.icmpv6                                                  | Total                     | 3
flow.wrk.spare_sync_avg                                      | Total                     | 100
flow.wrk.spare_sync                                          | Total                     | 7
decoder.event.ipv6.zero_len_padn                             | Total                     | 2
detect.alert                                                 | Total                     | 6
app_layer.flow.ntp                                           | Total                     | 1
app_layer.flow.dns_udp                                       | Total                     | 3
app_layer.tx.dns_udp                                         | Total                     | 10
app_layer.tx.ntp                                             | Total                     | 2
flow.end.state.new                                           | Total                     | 5
flow.mgr.full_hash_pass                                      | Total                     | 23
flow.mgr.rows_per_sec                                        | Total                     | 7208
flow.spare                                                   | Total                     | 9304
flow.mgr.rows_maxlen                                         | Total                     | 1
flow.mgr.flows_checked                                       | Total                     | 28
flow.mgr.flows_notimeout                                     | Total                     | 23
flow.mgr.flows_timeout                                       | Total                     | 5
flow.mgr.flows_evicted                                       | Total                     | 5
memcap.pressure                                              | Total                     | 11
memcap.pressure_max                                          | Total                     | 11
defrag.memuse                                                | Total                     | 33554432
flow.recycler.recycled                                       | Total                     | 5
flow.recycler.queue_max                                      | Total                     | 1
tcp.memuse                                                   | Total                     | 7471104
tcp.reassembly_memuse                                        | Total                     | 1376256
http.byterange.memuse                                        | Total                     | 168384
http.byterange.memcap                                        | Total                     | 104857600
ippair.memuse                                                | Total                     | 398144
ippair.memcap                                                | Total                     | 16777216
host.memuse                                                  | Total                     | 382144
host.memcap                                                  | Total                     | 33554432
flow.memuse                                                  | Total                     | 7234304
---------------------------------------------------------------------------------------------------
Date: 9/12/2026 -- 17:38:59 (uptime: 0d, 00h 03m 44s)
---------------------------------------------------------------------------------------------------
Counter                                                      | TM Name                   | Value
---------------------------------------------------------------------------------------------------
capture.kernel_packets                                       | Total                     | 205
capture.afpacket.polls                                       | Total                     | 26608
capture.afpacket.poll_timeout                                | Total                     | 26474
capture.afpacket.poll_data                                   | Total                     | 134
decoder.pkts                                                 | Total                     | 205
decoder.bytes                                                | Total                     | 32662
decoder.ipv4                                                 | Total                     | 30
decoder.ipv6                                                 | Total                     | 167
decoder.ethernet                                             | Total                     | 205
decoder.arp                                                  | Total                     | 8
decoder.tcp                                                  | Total                     | 170
tcp.rst                                                      | Total                     | 7
decoder.udp                                                  | Total                     | 12
decoder.icmpv4                                               | Total                     | 8
decoder.icmpv6                                               | Total                     | 7
decoder.avg_pkt_size                                         | Total                     | 159
decoder.max_pkt_size                                         | Total                     | 1444
flow.total                                                   | Total                     | 13
flow.active                                                  | Total                     | 8
flow.tcp                                                     | Total                     | 5
flow.udp                                                     | Total                     | 4
flow.icmpv4                                                  | Total                     | 1
flow.icmpv6                                                  | Total                     | 3
flow.wrk.spare_sync_avg                                      | Total                     | 100
flow.wrk.spare_sync                                          | Total                     | 7
decoder.event.ipv6.zero_len_padn                             | Total                     | 2
detect.alert                                                 | Total                     | 6
app_layer.flow.ntp                                           | Total                     | 1
app_layer.flow.dns_udp                                       | Total                     | 3
app_layer.tx.dns_udp                                         | Total                     | 10
app_layer.tx.ntp                                             | Total                     | 2
flow.end.state.new                                           | Total                     | 5
flow.mgr.full_hash_pass                                      | Total                     | 24
flow.mgr.rows_per_sec                                        | Total                     | 7208
flow.spare                                                   | Total                     | 9305
flow.mgr.rows_maxlen                                         | Total                     | 1
flow.mgr.flows_checked                                       | Total                     | 28
flow.mgr.flows_notimeout                                     | Total                     | 23
flow.mgr.flows_timeout                                       | Total                     | 5
flow.mgr.flows_evicted                                       | Total                     | 5
memcap.pressure                                              | Total                     | 11
memcap.pressure_max                                          | Total                     | 11
defrag.memuse                                                | Total                     | 33554432
flow.recycler.recycled                                       | Total                     | 5
flow.recycler.queue_max                                      | Total                     | 1
tcp.memuse                                                   | Total                     | 7471104
tcp.reassembly_memuse                                        | Total                     | 1376256
http.byterange.memuse                                        | Total                     | 168384
http.byterange.memcap                                        | Total                     | 104857600
ippair.memuse                                                | Total                     | 398144
ippair.memcap                                                | Total                     | 16777216
host.memuse                                                  | Total                     | 382144
host.memcap                                                  | Total                     | 33554432
flow.memuse                                                  | Total                     | 7234304
---------------------------------------------------------------------------------------------------
Date: 9/12/2026 -- 17:39:07 (uptime: 0d, 00h 03m 52s)
---------------------------------------------------------------------------------------------------
Counter                                                      | TM Name                   | Value
---------------------------------------------------------------------------------------------------
capture.kernel_packets                                       | Total                     | 223
capture.afpacket.polls                                       | Total                     | 27690
capture.afpacket.poll_timeout                                | Total                     | 27550
capture.afpacket.poll_data                                   | Total                     | 140
decoder.pkts                                                 | Total                     | 223
decoder.bytes                                                | Total                     | 41103
decoder.ipv4                                                 | Total                     | 30
decoder.ipv6                                                 | Total                     | 185
decoder.ethernet                                             | Total                     | 223
decoder.arp                                                  | Total                     | 8
decoder.tcp                                                  | Total                     | 188
tcp.rst                                                      | Total                     | 7
decoder.udp                                                  | Total                     | 12
decoder.icmpv4                                               | Total                     | 8
decoder.icmpv6                                               | Total                     | 7
decoder.avg_pkt_size                                         | Total                     | 184
decoder.max_pkt_size                                         | Total                     | 1444
flow.total                                                   | Total                     | 13
flow.active                                                  | Total                     | 8
flow.tcp                                                     | Total                     | 5
flow.udp                                                     | Total                     | 4
flow.icmpv4                                                  | Total                     | 1
flow.icmpv6                                                  | Total                     | 3
flow.wrk.spare_sync_avg                                      | Total                     | 100
flow.wrk.spare_sync                                          | Total                     | 7
decoder.event.ipv6.zero_len_padn                             | Total                     | 2
detect.alert                                                 | Total                     | 6
app_layer.flow.ntp                                           | Total                     | 1
app_layer.flow.dns_udp                                       | Total                     | 3
app_layer.tx.dns_udp                                         | Total                     | 10
app_layer.tx.ntp                                             | Total                     | 2
flow.end.state.new                                           | Total                     | 5
flow.mgr.full_hash_pass                                      | Total                     | 25
flow.mgr.rows_per_sec                                        | Total                     | 7208
flow.spare                                                   | Total                     | 9305
flow.mgr.rows_maxlen                                         | Total                     | 1
flow.mgr.flows_checked                                       | Total                     | 29
flow.mgr.flows_notimeout                                     | Total                     | 24
flow.mgr.flows_timeout                                       | Total                     | 5
flow.mgr.flows_evicted                                       | Total                     | 5
memcap.pressure                                              | Total                     | 11
memcap.pressure_max                                          | Total                     | 11
defrag.memuse                                                | Total                     | 33554432
flow.recycler.recycled                                       | Total                     | 5
flow.recycler.queue_max                                      | Total                     | 1
tcp.memuse                                                   | Total                     | 7471104
tcp.reassembly_memuse                                        | Total                     | 1376256
http.byterange.memuse                                        | Total                     | 168384
http.byterange.memcap                                        | Total                     | 104857600
ippair.memuse                                                | Total                     | 398144
ippair.memcap                                                | Total                     | 16777216
host.memuse                                                  | Total                     | 382144
host.memcap                                                  | Total                     | 33554432
flow.memuse                                                  | Total                     | 7234304
---------------------------------------------------------------------------------------------------
Date: 9/12/2026 -- 17:39:15 (uptime: 0d, 00h 04m 00s)
---------------------------------------------------------------------------------------------------
Counter                                                      | TM Name                   | Value
---------------------------------------------------------------------------------------------------
capture.kernel_packets                                       | Total                     | 223
capture.afpacket.polls                                       | Total                     | 28557
capture.afpacket.poll_timeout                                | Total                     | 28417
capture.afpacket.poll_data                                   | Total                     | 140
decoder.pkts                                                 | Total                     | 223
decoder.bytes                                                | Total                     | 41103
decoder.ipv4                                                 | Total                     | 30
decoder.ipv6                                                 | Total                     | 185
decoder.ethernet                                             | Total                     | 223
decoder.arp                                                  | Total                     | 8
decoder.tcp                                                  | Total                     | 188
tcp.rst                                                      | Total                     | 7
decoder.udp                                                  | Total                     | 12
decoder.icmpv4                                               | Total                     | 8
decoder.icmpv6                                               | Total                     | 7
decoder.avg_pkt_size                                         | Total                     | 184
decoder.max_pkt_size                                         | Total                     | 1444
flow.total                                                   | Total                     | 13
flow.active                                                  | Total                     | 8
flow.tcp                                                     | Total                     | 5
flow.udp                                                     | Total                     | 4
flow.icmpv4                                                  | Total                     | 1
flow.icmpv6                                                  | Total                     | 3
flow.wrk.spare_sync_avg                                      | Total                     | 100
flow.wrk.spare_sync                                          | Total                     | 7
decoder.event.ipv6.zero_len_padn                             | Total                     | 2
detect.alert                                                 | Total                     | 6
app_layer.flow.ntp                                           | Total                     | 1
app_layer.flow.dns_udp                                       | Total                     | 3
app_layer.tx.dns_udp                                         | Total                     | 10
app_layer.tx.ntp                                             | Total                     | 2
flow.end.state.new                                           | Total                     | 5
flow.mgr.full_hash_pass                                      | Total                     | 26
flow.mgr.rows_per_sec                                        | Total                     | 7208
flow.spare                                                   | Total                     | 9305
flow.mgr.rows_maxlen                                         | Total                     | 1
flow.mgr.flows_checked                                       | Total                     | 29
flow.mgr.flows_notimeout                                     | Total                     | 24
flow.mgr.flows_timeout                                       | Total                     | 5
flow.mgr.flows_evicted                                       | Total                     | 5
memcap.pressure                                              | Total                     | 11
memcap.pressure_max                                          | Total                     | 11
defrag.memuse                                                | Total                     | 33554432
flow.recycler.recycled                                       | Total                     | 5
flow.recycler.queue_max                                      | Total                     | 1
tcp.memuse                                                   | Total                     | 7471104
tcp.reassembly_memuse                                        | Total                     | 1376256
http.byterange.memuse                                        | Total                     | 168384
http.byterange.memcap                                        | Total                     | 104857600
ippair.memuse                                                | Total                     | 398144
ippair.memcap                                                | Total                     | 16777216
host.memuse                                                  | Total                     | 382144
host.memcap                                                  | Total                     | 33554432
flow.memuse                                                  | Total                     | 7234304
---------------------------------------------------------------------------------------------------
Date: 9/12/2026 -- 17:39:23 (uptime: 0d, 00h 04m 08s)
---------------------------------------------------------------------------------------------------
Counter                                                      | TM Name                   | Value
---------------------------------------------------------------------------------------------------
capture.kernel_packets                                       | Total                     | 223
capture.afpacket.polls                                       | Total                     | 29486
capture.afpacket.poll_timeout                                | Total                     | 29346
capture.afpacket.poll_data                                   | Total                     | 140
decoder.pkts                                                 | Total                     | 223
decoder.bytes                                                | Total                     | 41103
decoder.ipv4                                                 | Total                     | 30
decoder.ipv6                                                 | Total                     | 185
decoder.ethernet                                             | Total                     | 223
decoder.arp                                                  | Total                     | 8
decoder.tcp                                                  | Total                     | 188
tcp.rst                                                      | Total                     | 7
decoder.udp                                                  | Total                     | 12
decoder.icmpv4                                               | Total                     | 8
decoder.icmpv6                                               | Total                     | 7
decoder.avg_pkt_size                                         | Total                     | 184
decoder.max_pkt_size                                         | Total                     | 1444
flow.total                                                   | Total                     | 13
flow.active                                                  | Total                     | 8
flow.tcp                                                     | Total                     | 5
flow.udp                                                     | Total                     | 4
flow.icmpv4                                                  | Total                     | 1
flow.icmpv6                                                  | Total                     | 3
flow.wrk.spare_sync_avg                                      | Total                     | 100
flow.wrk.spare_sync                                          | Total                     | 7
decoder.event.ipv6.zero_len_padn                             | Total                     | 2
detect.alert                                                 | Total                     | 6
app_layer.flow.ntp                                           | Total                     | 1
app_layer.flow.dns_udp                                       | Total                     | 3
app_layer.tx.dns_udp                                         | Total                     | 10
app_layer.tx.ntp                                             | Total                     | 2
flow.end.state.new                                           | Total                     | 5
flow.mgr.full_hash_pass                                      | Total                     | 27
flow.mgr.rows_per_sec                                        | Total                     | 7208
flow.spare                                                   | Total                     | 9305
flow.mgr.rows_maxlen                                         | Total                     | 1
flow.mgr.flows_checked                                       | Total                     | 29
flow.mgr.flows_notimeout                                     | Total                     | 24
flow.mgr.flows_timeout                                       | Total                     | 5
flow.mgr.flows_evicted                                       | Total                     | 5
memcap.pressure                                              | Total                     | 11
memcap.pressure_max                                          | Total                     | 11
defrag.memuse                                                | Total                     | 33554432
flow.recycler.recycled                                       | Total                     | 5
flow.recycler.queue_max                                      | Total                     | 1
tcp.memuse                                                   | Total                     | 7471104
tcp.reassembly_memuse                                        | Total                     | 1376256
http.byterange.memuse                                        | Total                     | 168384
http.byterange.memcap                                        | Total                     | 104857600
ippair.memuse                                                | Total                     | 398144
ippair.memcap                                                | Total                     | 16777216
host.memuse                                                  | Total                     | 382144
host.memcap                                                  | Total                     | 33554432
flow.memuse                                                  | Total                     | 7234304
---------------------------------------------------------------------------------------------------
Date: 9/12/2026 -- 17:39:31 (uptime: 0d, 00h 04m 16s)
---------------------------------------------------------------------------------------------------
Counter                                                      | TM Name                   | Value
---------------------------------------------------------------------------------------------------
capture.kernel_packets                                       | Total                     | 230
capture.afpacket.polls                                       | Total                     | 30566
capture.afpacket.poll_timeout                                | Total                     | 30421
capture.afpacket.poll_data                                   | Total                     | 145
decoder.pkts                                                 | Total                     | 230
decoder.bytes                                                | Total                     | 41861
decoder.ipv4                                                 | Total                     | 33
decoder.ipv6                                                 | Total                     | 189
decoder.ethernet                                             | Total                     | 230
decoder.arp                                                  | Total                     | 8
decoder.tcp                                                  | Total                     | 195
tcp.rst                                                      | Total                     | 7
decoder.udp                                                  | Total                     | 12
decoder.icmpv4                                               | Total                     | 8
decoder.icmpv6                                               | Total                     | 7
decoder.avg_pkt_size                                         | Total                     | 182
decoder.max_pkt_size                                         | Total                     | 1444
flow.total                                                   | Total                     | 13
flow.active                                                  | Total                     | 8
flow.tcp                                                     | Total                     | 5
flow.udp                                                     | Total                     | 4
flow.icmpv4                                                  | Total                     | 1
flow.icmpv6                                                  | Total                     | 3
flow.wrk.spare_sync_avg                                      | Total                     | 100
flow.wrk.spare_sync                                          | Total                     | 7
decoder.event.ipv6.zero_len_padn                             | Total                     | 2
detect.alert                                                 | Total                     | 6
app_layer.flow.ntp                                           | Total                     | 1
app_layer.flow.dns_udp                                       | Total                     | 3
app_layer.tx.dns_udp                                         | Total                     | 10
app_layer.tx.ntp                                             | Total                     | 2
flow.end.state.new                                           | Total                     | 5
flow.mgr.full_hash_pass                                      | Total                     | 28
flow.mgr.rows_per_sec                                        | Total                     | 7208
flow.spare                                                   | Total                     | 9305
flow.mgr.rows_maxlen                                         | Total                     | 1
flow.mgr.flows_checked                                       | Total                     | 30
flow.mgr.flows_notimeout                                     | Total                     | 25
flow.mgr.flows_timeout                                       | Total                     | 5
flow.mgr.flows_evicted                                       | Total                     | 5
memcap.pressure                                              | Total                     | 11
memcap.pressure_max                                          | Total                     | 11
defrag.memuse                                                | Total                     | 33554432
flow.recycler.recycled                                       | Total                     | 5
flow.recycler.queue_max                                      | Total                     | 1
tcp.memuse                                                   | Total                     | 7471104
tcp.reassembly_memuse                                        | Total                     | 1376256
http.byterange.memuse                                        | Total                     | 168384
http.byterange.memcap                                        | Total                     | 104857600
ippair.memuse                                                | Total                     | 398144
ippair.memcap                                                | Total                     | 16777216
host.memuse                                                  | Total                     | 382144
host.memcap                                                  | Total                     | 33554432
flow.memuse                                                  | Total                     | 7234304
---------------------------------------------------------------------------------------------------
Date: 9/12/2026 -- 17:39:39 (uptime: 0d, 00h 04m 24s)
---------------------------------------------------------------------------------------------------
Counter                                                      | TM Name                   | Value
---------------------------------------------------------------------------------------------------
capture.kernel_packets                                       | Total                     | 232
capture.afpacket.polls                                       | Total                     | 31496
capture.afpacket.poll_timeout                                | Total                     | 31348
capture.afpacket.poll_data                                   | Total                     | 148
decoder.pkts                                                 | Total                     | 234
decoder.bytes                                                | Total                     | 42196
decoder.ipv4                                                 | Total                     | 33
decoder.ipv6                                                 | Total                     | 191
decoder.ethernet                                             | Total                     | 234
decoder.arp                                                  | Total                     | 10
decoder.tcp                                                  | Total                     | 197
tcp.rst                                                      | Total                     | 7
decoder.udp                                                  | Total                     | 12
decoder.icmpv4                                               | Total                     | 8
decoder.icmpv6                                               | Total                     | 7
decoder.avg_pkt_size                                         | Total                     | 180
decoder.max_pkt_size                                         | Total                     | 1444
flow.total                                                   | Total                     | 13
flow.active                                                  | Total                     | 8
flow.tcp                                                     | Total                     | 5
flow.udp                                                     | Total                     | 4
flow.icmpv4                                                  | Total                     | 1
flow.icmpv6                                                  | Total                     | 3
flow.wrk.spare_sync_avg                                      | Total                     | 100
flow.wrk.spare_sync                                          | Total                     | 7
decoder.event.ipv6.zero_len_padn                             | Total                     | 2
detect.alert                                                 | Total                     | 6
app_layer.flow.ntp                                           | Total                     | 1
app_layer.flow.dns_udp                                       | Total                     | 3
app_layer.tx.dns_udp                                         | Total                     | 10
app_layer.tx.ntp                                             | Total                     | 2
flow.end.state.new                                           | Total                     | 5
flow.mgr.full_hash_pass                                      | Total                     | 28
flow.mgr.rows_per_sec                                        | Total                     | 7208
flow.spare                                                   | Total                     | 9305
flow.mgr.rows_maxlen                                         | Total                     | 1
flow.mgr.flows_checked                                       | Total                     | 30
flow.mgr.flows_notimeout                                     | Total                     | 25
flow.mgr.flows_timeout                                       | Total                     | 5
flow.mgr.flows_evicted                                       | Total                     | 5
memcap.pressure                                              | Total                     | 11
memcap.pressure_max                                          | Total                     | 11
defrag.memuse                                                | Total                     | 33554432
flow.recycler.recycled                                       | Total                     | 5
flow.recycler.queue_max                                      | Total                     | 1
tcp.memuse                                                   | Total                     | 7471104
tcp.reassembly_memuse                                        | Total                     | 1376256
http.byterange.memuse                                        | Total                     | 168384
http.byterange.memcap                                        | Total                     | 104857600
ippair.memuse                                                | Total                     | 398144
ippair.memcap                                                | Total                     | 16777216
host.memuse                                                  | Total                     | 382144
host.memcap                                                  | Total                     | 33554432
flow.memuse                                                  | Total                     | 7234304
---------------------------------------------------------------------------------------------------
Date: 9/12/2026 -- 17:39:47 (uptime: 0d, 00h 04m 32s)
---------------------------------------------------------------------------------------------------
Counter                                                      | TM Name                   | Value
---------------------------------------------------------------------------------------------------
capture.kernel_packets                                       | Total                     | 236
capture.afpacket.polls                                       | Total                     | 32365
capture.afpacket.poll_timeout                                | Total                     | 32215
capture.afpacket.poll_data                                   | Total                     | 150
decoder.pkts                                                 | Total                     | 238
decoder.bytes                                                | Total                     | 42856
decoder.ipv4                                                 | Total                     | 33
decoder.ipv6                                                 | Total                     | 195
decoder.ethernet                                             | Total                     | 238
decoder.arp                                                  | Total                     | 10
decoder.tcp                                                  | Total                     | 201
tcp.rst                                                      | Total                     | 7
decoder.udp                                                  | Total                     | 12
decoder.icmpv4                                               | Total                     | 8
decoder.icmpv6                                               | Total                     | 7
decoder.avg_pkt_size                                         | Total                     | 180
decoder.max_pkt_size                                         | Total                     | 1444
flow.total                                                   | Total                     | 13
flow.active                                                  | Total                     | 8
flow.tcp                                                     | Total                     | 5
flow.udp                                                     | Total                     | 4
flow.icmpv4                                                  | Total                     | 1
flow.icmpv6                                                  | Total                     | 3
flow.wrk.spare_sync_avg                                      | Total                     | 100
flow.wrk.spare_sync                                          | Total                     | 7
decoder.event.ipv6.zero_len_padn                             | Total                     | 2
detect.alert                                                 | Total                     | 6
app_layer.flow.ntp                                           | Total                     | 1
app_layer.flow.dns_udp                                       | Total                     | 3
app_layer.tx.dns_udp                                         | Total                     | 10
app_layer.tx.ntp                                             | Total                     | 2
flow.end.state.new                                           | Total                     | 5
flow.mgr.full_hash_pass                                      | Total                     | 29
flow.mgr.rows_per_sec                                        | Total                     | 7208
flow.spare                                                   | Total                     | 9305
flow.mgr.rows_maxlen                                         | Total                     | 1
flow.mgr.flows_checked                                       | Total                     | 30
flow.mgr.flows_notimeout                                     | Total                     | 25
flow.mgr.flows_timeout                                       | Total                     | 5
flow.mgr.flows_evicted                                       | Total                     | 5
memcap.pressure                                              | Total                     | 11
memcap.pressure_max                                          | Total                     | 11
defrag.memuse                                                | Total                     | 33554432
flow.recycler.recycled                                       | Total                     | 5
flow.recycler.queue_max                                      | Total                     | 1
tcp.memuse                                                   | Total                     | 7471104
tcp.reassembly_memuse                                        | Total                     | 1376256
http.byterange.memuse                                        | Total                     | 168384
http.byterange.memcap                                        | Total                     | 104857600
ippair.memuse                                                | Total                     | 398144
ippair.memcap                                                | Total                     | 16777216
host.memuse                                                  | Total                     | 382144
host.memcap                                                  | Total                     | 33554432
flow.memuse                                                  | Total                     | 7234304
---------------------------------------------------------------------------------------------------
Date: 9/12/2026 -- 17:39:55 (uptime: 0d, 00h 04m 40s)
---------------------------------------------------------------------------------------------------
Counter                                                      | TM Name                   | Value
---------------------------------------------------------------------------------------------------
capture.kernel_packets                                       | Total                     | 240
capture.afpacket.polls                                       | Total                     | 33446
capture.afpacket.poll_timeout                                | Total                     | 33294
capture.afpacket.poll_data                                   | Total                     | 152
decoder.pkts                                                 | Total                     | 240
decoder.bytes                                                | Total                     | 43110
decoder.ipv4                                                 | Total                     | 33
decoder.ipv6                                                 | Total                     | 197
decoder.ethernet                                             | Total                     | 240
decoder.arp                                                  | Total                     | 10
decoder.tcp                                                  | Total                     | 203
tcp.rst                                                      | Total                     | 7
decoder.udp                                                  | Total                     | 12
decoder.icmpv4                                               | Total                     | 8
decoder.icmpv6                                               | Total                     | 7
decoder.avg_pkt_size                                         | Total                     | 179
decoder.max_pkt_size                                         | Total                     | 1444
flow.total                                                   | Total                     | 13
flow.active                                                  | Total                     | 8
flow.tcp                                                     | Total                     | 5
flow.udp                                                     | Total                     | 4
flow.icmpv4                                                  | Total                     | 1
flow.icmpv6                                                  | Total                     | 3
flow.wrk.spare_sync_avg                                      | Total                     | 100
flow.wrk.spare_sync                                          | Total                     | 7
decoder.event.ipv6.zero_len_padn                             | Total                     | 2
detect.alert                                                 | Total                     | 6
app_layer.flow.ntp                                           | Total                     | 1
app_layer.flow.dns_udp                                       | Total                     | 3
app_layer.tx.dns_udp                                         | Total                     | 10
app_layer.tx.ntp                                             | Total                     | 2
flow.end.state.new                                           | Total                     | 5
flow.mgr.full_hash_pass                                      | Total                     | 30
flow.mgr.rows_per_sec                                        | Total                     | 7208
flow.spare                                                   | Total                     | 9305
flow.mgr.rows_maxlen                                         | Total                     | 1
flow.mgr.flows_checked                                       | Total                     | 30
flow.mgr.flows_notimeout                                     | Total                     | 25
flow.mgr.flows_timeout                                       | Total                     | 5
flow.mgr.flows_evicted                                       | Total                     | 5
memcap.pressure                                              | Total                     | 11
memcap.pressure_max                                          | Total                     | 11
defrag.memuse                                                | Total                     | 33554432
flow.recycler.recycled                                       | Total                     | 5
flow.recycler.queue_max                                      | Total                     | 1
tcp.memuse                                                   | Total                     | 7471104
tcp.reassembly_memuse                                        | Total                     | 1376256
http.byterange.memuse                                        | Total                     | 168384
http.byterange.memcap                                        | Total                     | 104857600
ippair.memuse                                                | Total                     | 398144
ippair.memcap                                                | Total                     | 16777216
host.memuse                                                  | Total                     | 382144
host.memcap                                                  | Total                     | 33554432
flow.memuse                                                  | Total                     | 7234304
---------------------------------------------------------------------------------------------------
Date: 9/12/2026 -- 17:40:03 (uptime: 0d, 00h 04m 48s)
---------------------------------------------------------------------------------------------------
Counter                                                      | TM Name                   | Value
---------------------------------------------------------------------------------------------------
capture.kernel_packets                                       | Total                     | 248
capture.afpacket.polls                                       | Total                     | 34291
capture.afpacket.poll_timeout                                | Total                     | 34130
capture.afpacket.poll_data                                   | Total                     | 161
decoder.pkts                                                 | Total                     | 253
decoder.bytes                                                | Total                     | 44606
decoder.ipv4                                                 | Total                     | 38
decoder.ipv6                                                 | Total                     | 205
decoder.ethernet                                             | Total                     | 253
decoder.arp                                                  | Total                     | 10
decoder.tcp                                                  | Total                     | 216
tcp.rst                                                      | Total                     | 9
decoder.udp                                                  | Total                     | 12
decoder.icmpv4                                               | Total                     | 8
decoder.icmpv6                                               | Total                     | 7
decoder.avg_pkt_size                                         | Total                     | 176
decoder.max_pkt_size                                         | Total                     | 1444
flow.total                                                   | Total                     | 14
flow.active                                                  | Total                     | 9
flow.tcp                                                     | Total                     | 6
flow.udp                                                     | Total                     | 4
flow.icmpv4                                                  | Total                     | 1
flow.icmpv6                                                  | Total                     | 3
flow.wrk.spare_sync_avg                                      | Total                     | 100
flow.wrk.spare_sync                                          | Total                     | 8
decoder.event.ipv6.zero_len_padn                             | Total                     | 2
detect.alert                                                 | Total                     | 6
app_layer.flow.ntp                                           | Total                     | 1
app_layer.flow.dns_udp                                       | Total                     | 3
app_layer.tx.dns_udp                                         | Total                     | 10
app_layer.tx.ntp                                             | Total                     | 2
flow.end.state.new                                           | Total                     | 5
flow.mgr.full_hash_pass                                      | Total                     | 31
flow.mgr.rows_per_sec                                        | Total                     | 7208
flow.spare                                                   | Total                     | 9305
flow.mgr.rows_maxlen                                         | Total                     | 1
flow.mgr.flows_checked                                       | Total                     | 30
flow.mgr.flows_notimeout                                     | Total                     | 25
flow.mgr.flows_timeout                                       | Total                     | 5
flow.mgr.flows_evicted                                       | Total                     | 5
memcap.pressure                                              | Total                     | 11
memcap.pressure_max                                          | Total                     | 11
defrag.memuse                                                | Total                     | 33554432
flow.recycler.recycled                                       | Total                     | 5
flow.recycler.queue_max                                      | Total                     | 1
tcp.memuse                                                   | Total                     | 7471104
tcp.reassembly_memuse                                        | Total                     | 1376256
http.byterange.memuse                                        | Total                     | 168384
http.byterange.memcap                                        | Total                     | 104857600
ippair.memuse                                                | Total                     | 398144
ippair.memcap                                                | Total                     | 16777216
host.memuse                                                  | Total                     | 382144
host.memcap                                                  | Total                     | 33554432
flow.memuse                                                  | Total                     | 7234304
---------------------------------------------------------------------------------------------------
Date: 9/12/2026 -- 17:40:11 (uptime: 0d, 00h 04m 56s)
---------------------------------------------------------------------------------------------------
Counter                                                      | TM Name                   | Value
---------------------------------------------------------------------------------------------------
capture.kernel_packets                                       | Total                     | 285
capture.afpacket.polls                                       | Total                     | 35260
capture.afpacket.poll_timeout                                | Total                     | 35081
capture.afpacket.poll_data                                   | Total                     | 179
decoder.pkts                                                 | Total                     | 288
decoder.bytes                                                | Total                     | 53753
decoder.ipv4                                                 | Total                     | 71
decoder.ipv6                                                 | Total                     | 205
decoder.ethernet                                             | Total                     | 288
decoder.arp                                                  | Total                     | 12
decoder.tcp                                                  | Total                     | 245
tcp.syn                                                      | Total                     | 2
tcp.synack                                                   | Total                     | 2
tcp.rst                                                      | Total                     | 9
decoder.udp                                                  | Total                     | 16
decoder.icmpv4                                               | Total                     | 8
decoder.icmpv6                                               | Total                     | 7
decoder.avg_pkt_size                                         | Total                     | 186
decoder.max_pkt_size                                         | Total                     | 1444
tcp.active_sessions                                          | Total                     | 2
flow.total                                                   | Total                     | 17
flow.active                                                  | Total                     | 12
flow.tcp                                                     | Total                     | 8
flow.udp                                                     | Total                     | 5
flow.icmpv4                                                  | Total                     | 1
flow.icmpv6                                                  | Total                     | 3
flow.wrk.spare_sync_avg                                      | Total                     | 100
flow.wrk.spare_sync                                          | Total                     | 10
decoder.event.ipv6.zero_len_padn                             | Total                     | 2
tcp.sessions                                                 | Total                     | 2
tcp.ssn_from_pool                                            | Total                     | 2
tcp.segment_from_cache                                       | Total                     | 9
tcp.segment_from_pool                                        | Total                     | 5
detect.alert                                                 | Total                     | 6
app_layer.flow.tls                                           | Total                     | 2
app_layer.flow.ntp                                           | Total                     | 1
app_layer.flow.dns_udp                                       | Total                     | 4
app_layer.tx.dns_udp                                         | Total                     | 14
app_layer.tx.ntp                                             | Total                     | 2
flow.end.state.new                                           | Total                     | 5
flow.mgr.full_hash_pass                                      | Total                     | 32
flow.mgr.rows_per_sec                                        | Total                     | 7208
flow.spare                                                   | Total                     | 9005
flow.mgr.rows_maxlen                                         | Total                     | 1
flow.mgr.flows_checked                                       | Total                     | 32
flow.mgr.flows_notimeout                                     | Total                     | 27
flow.mgr.flows_timeout                                       | Total                     | 5
flow.mgr.flows_evicted                                       | Total                     | 5
memcap.pressure                                              | Total                     | 11
memcap.pressure_max                                          | Total                     | 11
defrag.memuse                                                | Total                     | 33554432
flow.recycler.recycled                                       | Total                     | 5
flow.recycler.queue_max                                      | Total                     | 1
tcp.memuse                                                   | Total                     | 7471104
tcp.reassembly_memuse                                        | Total                     | 1386496
http.byterange.memuse                                        | Total                     | 168384
http.byterange.memcap                                        | Total                     | 104857600
ippair.memuse                                                | Total                     | 398144
ippair.memcap                                                | Total                     | 16777216
host.memuse                                                  | Total                     | 382144
host.memcap                                                  | Total                     | 33554432
flow.memuse                                                  | Total                     | 7234304
---------------------------------------------------------------------------------------------------
Date: 9/12/2026 -- 17:40:19 (uptime: 0d, 00h 05m 04s)
---------------------------------------------------------------------------------------------------
Counter                                                      | TM Name                   | Value
---------------------------------------------------------------------------------------------------
capture.kernel_packets                                       | Total                     | 290
capture.afpacket.polls                                       | Total                     | 36338
capture.afpacket.poll_timeout                                | Total                     | 36157
capture.afpacket.poll_data                                   | Total                     | 181
decoder.pkts                                                 | Total                     | 290
decoder.bytes                                                | Total                     | 54022
decoder.ipv4                                                 | Total                     | 73
decoder.ipv6                                                 | Total                     | 205
decoder.ethernet                                             | Total                     | 290
decoder.arp                                                  | Total                     | 12
decoder.tcp                                                  | Total                     | 247
tcp.syn                                                      | Total                     | 2
tcp.synack                                                   | Total                     | 2
tcp.rst                                                      | Total                     | 9
decoder.udp                                                  | Total                     | 16
decoder.icmpv4                                               | Total                     | 8
decoder.icmpv6                                               | Total                     | 7
decoder.avg_pkt_size                                         | Total                     | 186
decoder.max_pkt_size                                         | Total                     | 1444
tcp.active_sessions                                          | Total                     | 2
flow.total                                                   | Total                     | 17
flow.active                                                  | Total                     | 12
flow.tcp                                                     | Total                     | 8
flow.udp                                                     | Total                     | 5
flow.icmpv4                                                  | Total                     | 1
flow.icmpv6                                                  | Total                     | 3
flow.wrk.spare_sync_avg                                      | Total                     | 100
flow.wrk.spare_sync                                          | Total                     | 10
decoder.event.ipv6.zero_len_padn                             | Total                     | 2
tcp.sessions                                                 | Total                     | 2
tcp.ssn_from_pool                                            | Total                     | 2
tcp.segment_from_cache                                       | Total                     | 10
tcp.segment_from_pool                                        | Total                     | 5
detect.alert                                                 | Total                     | 6
app_layer.flow.tls                                           | Total                     | 2
app_layer.flow.ntp                                           | Total                     | 1
app_layer.flow.dns_udp                                       | Total                     | 4
app_layer.tx.dns_udp                                         | Total                     | 14
app_layer.tx.ntp                                             | Total                     | 2
flow.end.state.new                                           | Total                     | 5
flow.mgr.full_hash_pass                                      | Total                     | 33
flow.mgr.rows_per_sec                                        | Total                     | 7208
flow.spare                                                   | Total                     | 9005
flow.mgr.rows_maxlen                                         | Total                     | 1
flow.mgr.flows_checked                                       | Total                     | 35
flow.mgr.flows_notimeout                                     | Total                     | 30
flow.mgr.flows_timeout                                       | Total                     | 5
flow.mgr.flows_evicted                                       | Total                     | 5
memcap.pressure                                              | Total                     | 11
memcap.pressure_max                                          | Total                     | 11
defrag.memuse                                                | Total                     | 33554432
flow.recycler.recycled                                       | Total                     | 5
flow.recycler.queue_max                                      | Total                     | 1
tcp.memuse                                                   | Total                     | 7471104
tcp.reassembly_memuse                                        | Total                     | 1386496
http.byterange.memuse                                        | Total                     | 168384
http.byterange.memcap                                        | Total                     | 104857600
ippair.memuse                                                | Total                     | 398144
ippair.memcap                                                | Total                     | 16777216
host.memuse                                                  | Total                     | 382144
host.memcap                                                  | Total                     | 33554432
flow.memuse                                                  | Total                     | 7234304
---------------------------------------------------------------------------------------------------
Date: 9/12/2026 -- 17:40:27 (uptime: 0d, 00h 05m 12s)
---------------------------------------------------------------------------------------------------
Counter                                                      | TM Name                   | Value
---------------------------------------------------------------------------------------------------
capture.kernel_packets                                       | Total                     | 301
capture.afpacket.polls                                       | Total                     | 37272
capture.afpacket.poll_timeout                                | Total                     | 37080
capture.afpacket.poll_data                                   | Total                     | 192
decoder.pkts                                                 | Total                     | 305
decoder.bytes                                                | Total                     | 56372
decoder.ipv4                                                 | Total                     | 76
decoder.ipv6                                                 | Total                     | 217
decoder.ethernet                                             | Total                     | 305
decoder.arp                                                  | Total                     | 12
decoder.tcp                                                  | Total                     | 262
tcp.syn                                                      | Total                     | 2
tcp.synack                                                   | Total                     | 2
tcp.rst                                                      | Total                     | 9
decoder.udp                                                  | Total                     | 16
decoder.icmpv4                                               | Total                     | 8
decoder.icmpv6                                               | Total                     | 7
decoder.avg_pkt_size                                         | Total                     | 184
decoder.max_pkt_size                                         | Total                     | 1444
tcp.active_sessions                                          | Total                     | 2
flow.total                                                   | Total                     | 17
flow.active                                                  | Total                     | 12
flow.tcp                                                     | Total                     | 8
flow.udp                                                     | Total                     | 5
flow.icmpv4                                                  | Total                     | 1
flow.icmpv6                                                  | Total                     | 3
flow.wrk.spare_sync_avg                                      | Total                     | 100
flow.wrk.spare_sync                                          | Total                     | 10
decoder.event.ipv6.zero_len_padn                             | Total                     | 2
tcp.sessions                                                 | Total                     | 2
tcp.ssn_from_pool                                            | Total                     | 2
tcp.segment_from_cache                                       | Total                     | 10
tcp.segment_from_pool                                        | Total                     | 5
detect.alert                                                 | Total                     | 6
app_layer.flow.tls                                           | Total                     | 2
app_layer.flow.ntp                                           | Total                     | 1
app_layer.flow.dns_udp                                       | Total                     | 4
app_layer.tx.dns_udp                                         | Total                     | 14
app_layer.tx.ntp                                             | Total                     | 2
flow.end.state.new                                           | Total                     | 5
flow.mgr.full_hash_pass                                      | Total                     | 34
flow.mgr.rows_per_sec                                        | Total                     | 7208
flow.spare                                                   | Total                     | 9005
flow.mgr.rows_maxlen                                         | Total                     | 1
flow.mgr.flows_checked                                       | Total                     | 35
flow.mgr.flows_notimeout                                     | Total                     | 30
flow.mgr.flows_timeout                                       | Total                     | 5
flow.mgr.flows_evicted                                       | Total                     | 5
memcap.pressure                                              | Total                     | 11
memcap.pressure_max                                          | Total                     | 11
defrag.memuse                                                | Total                     | 33554432
flow.recycler.recycled                                       | Total                     | 5
flow.recycler.queue_max                                      | Total                     | 1
tcp.memuse                                                   | Total                     | 7471104
tcp.reassembly_memuse                                        | Total                     | 1386496
http.byterange.memuse                                        | Total                     | 168384
http.byterange.memcap                                        | Total                     | 104857600
ippair.memuse                                                | Total                     | 398144
ippair.memcap                                                | Total                     | 16777216
host.memuse                                                  | Total                     | 382144
host.memcap                                                  | Total                     | 33554432
flow.memuse                                                  | Total                     | 7234304
---------------------------------------------------------------------------------------------------
Date: 9/12/2026 -- 17:40:32 (uptime: 0d, 00h 05m 17s)
---------------------------------------------------------------------------------------------------
Counter                                                      | TM Name                   | Value
---------------------------------------------------------------------------------------------------
capture.kernel_packets                                       | Total                     | 307
capture.afpacket.polls                                       | Total                     | 37900
capture.afpacket.poll_timeout                                | Total                     | 37694
capture.afpacket.poll_data                                   | Total                     | 194
decoder.pkts                                                 | Total                     | 307
decoder.bytes                                                | Total                     | 56636
decoder.ipv4                                                 | Total                     | 76
decoder.ipv6                                                 | Total                     | 219
decoder.ethernet                                             | Total                     | 307
decoder.arp                                                  | Total                     | 12
decoder.tcp                                                  | Total                     | 264
tcp.syn                                                      | Total                     | 2
tcp.synack                                                   | Total                     | 2
tcp.rst                                                      | Total                     | 9
decoder.udp                                                  | Total                     | 16
decoder.icmpv4                                               | Total                     | 8
decoder.icmpv6                                               | Total                     | 7
decoder.avg_pkt_size                                         | Total                     | 184
decoder.max_pkt_size                                         | Total                     | 1444
flow.total                                                   | Total                     | 17
flow.tcp                                                     | Total                     | 8
flow.udp                                                     | Total                     | 5
flow.icmpv4                                                  | Total                     | 1
flow.icmpv6                                                  | Total                     | 3
flow.wrk.spare_sync_avg                                      | Total                     | 100
flow.wrk.spare_sync                                          | Total                     | 10
decoder.event.ipv6.zero_len_padn                             | Total                     | 2
flow.wrk.flows_evicted_needs_work                            | Total                     | 2
flow.wrk.flows_evicted_pkt_inject                            | Total                     | 4
flow.wrk.flows_injected                                      | Total                     | 2
tcp.sessions                                                 | Total                     | 2
tcp.ssn_from_pool                                            | Total                     | 2
tcp.segment_from_cache                                       | Total                     | 10
tcp.segment_from_pool                                        | Total                     | 5
detect.alert                                                 | Total                     | 6
app_layer.flow.tls                                           | Total                     | 2
app_layer.flow.ntp                                           | Total                     | 1
app_layer.flow.dns_udp                                       | Total                     | 4
app_layer.tx.dns_udp                                         | Total                     | 14
app_layer.tx.ntp                                             | Total                     | 2
flow.end.state.new                                           | Total                     | 8
flow.end.state.established                                   | Total                     | 9
flow.end.tcp_state.established                               | Total                     | 2
flow.mgr.full_hash_pass                                      | Total                     | 34
flow.mgr.rows_per_sec                                        | Total                     | 7208
flow.spare                                                   | Total                     | 9005
flow.mgr.rows_maxlen                                         | Total                     | 1
flow.mgr.flows_checked                                       | Total                     | 36
flow.mgr.flows_notimeout                                     | Total                     | 31
flow.mgr.flows_timeout                                       | Total                     | 5
flow.mgr.flows_evicted                                       | Total                     | 5
memcap.pressure                                              | Total                     | 11
memcap.pressure_max                                          | Total                     | 11
defrag.memuse                                                | Total                     | 33554432
flow.recycler.recycled                                       | Total                     | 15
flow.recycler.queue_max                                      | Total                     | 10
tcp.memuse                                                   | Total                     | 7471104
tcp.reassembly_memuse                                        | Total                     | 1376256
http.byterange.memuse                                        | Total                     | 168384
http.byterange.memcap                                        | Total                     | 104857600
ippair.memuse                                                | Total                     | 398144
ippair.memcap                                                | Total                     | 16777216
host.memuse                                                  | Total                     | 382144
host.memcap                                                  | Total                     | 33554432
flow.memuse                                                  | Total                     | 7234304
